"X(um)";"Z(um)"
"0,000 ";"99,452 "
"2,790 ";"99,468 "
"5,580 ";"101,170 "
"8,370 ";"104,665 "
"11,160 ";"106,340 "
"13,950 ";"112,412 "
"16,739 ";"115,450 "
"19,529 ";"115,695 "
"22,319 ";"113,604 "
"25,109 ";"108,215 "
"27,899 ";"108,148 "
"30,689 ";"107,214 "
"33,479 ";"109,856 "
"36,269 ";"109,140 "
"39,059 ";"109,577 "
"41,849 ";"109,306 "
"44,638 ";"107,699 "
"47,428 ";"107,086 "
"50,218 ";"107,640 "
"53,008 ";"109,559 "
"55,798 ";"109,561 "
"58,588 ";"111,287 "
"61,378 ";"113,001 "
"64,168 ";"113,392 "
"66,958 ";"113,242 "
"69,748 ";"115,048 "
"72,538 ";"116,480 "
"75,327 ";"116,635 "
"78,117 ";"115,961 "
"80,907 ";"124,660 "
"83,697 ";"121,695 "
"86,487 ";"123,551 "
"89,277 ";"118,080 "
"92,067 ";"119,103 "
"94,857 ";"117,235 "
"97,647 ";"115,440 "
"100,437 ";"112,063 "
"103,227 ";"111,658 "
"106,016 ";"106,914 "
"108,806 ";"100,944 "
"111,596 ";"100,427 "
"114,386 ";"99,865 "
"117,176 ";"101,913 "
"119,966 ";"101,862 "
"122,756 ";"104,293 "
"125,546 ";"104,361 "
"128,336 ";"105,107 "
"131,126 ";"105,473 "
"133,915 ";"105,263 "
"136,705 ";"105,318 "
"139,495 ";"106,414 "
"142,285 ";"108,327 "
"145,075 ";"110,012 "
"147,865 ";"110,773 "
"150,655 ";"110,872 "
"153,445 ";"108,568 "
"156,235 ";"107,887 "
"159,025 ";"107,400 "
"161,815 ";"106,866 "
"164,604 ";"105,089 "
"167,394 ";"104,332 "
"170,184 ";"104,890 "
"172,974 ";"107,414 "
"175,764 ";"106,386 "
"178,554 ";"105,566 "
"181,344 ";"104,065 "
"184,134 ";"101,045 "
"186,924 ";"103,065 "
"189,714 ";"104,545 "
"192,504 ";"102,120 "
"195,293 ";"99,351 "
"198,083 ";"100,257 "
"200,873 ";"102,052 "
"203,663 ";"101,290 "
"206,453 ";"101,701 "
"209,243 ";"102,342 "
"212,033 ";"103,916 "
"214,823 ";"103,402 "
"217,613 ";"103,705 "
"220,403 ";"103,474 "
"223,192 ";"103,168 "
"225,982 ";"102,715 "
"228,772 ";"104,582 "
"231,562 ";"109,261 "
"234,352 ";"111,872 "
"237,142 ";"112,598 "
"239,932 ";"110,880 "
"242,722 ";"109,131 "
"245,512 ";"110,403 "
"248,302 ";"113,149 "
"251,092 ";"111,568 "
"253,881 ";"101,412 "
"256,671 ";"102,903 "
"259,461 ";"102,351 "
"262,251 ";"102,138 "
"265,041 ";"102,280 "
"267,831 ";"104,902 "
"270,621 ";"105,603 "
"273,411 ";"108,930 "
"276,201 ";"95,057 "
"278,991 ";"95,318 "
"281,781 ";"94,113 "
"284,570 ";"93,378 "
"287,360 ";"97,412 "
"290,150 ";"98,662 "
"292,940 ";"99,213 "
"295,730 ";"100,277 "
"298,520 ";"102,158 "
"301,310 ";"103,903 "
"304,100 ";"100,954 "
"306,890 ";"100,185 "
"309,680 ";"100,877 "
"312,469 ";"100,631 "
"315,259 ";"97,689 "
"318,049 ";"93,547 "
"320,839 ";"87,517 "
"323,629 ";"87,187 "
"326,419 ";"88,834 "
"329,209 ";"91,575 "
"331,999 ";"98,970 "
"334,789 ";"111,135 "
"337,579 ";"116,101 "
"340,369 ";"121,319 "
"343,158 ";"116,183 "
"345,948 ";"116,101 "
"348,738 ";"113,958 "
"351,528 ";"109,494 "
"354,318 ";"109,550 "
"357,108 ";"106,336 "
"359,898 ";"104,816 "
"362,688 ";"100,923 "
"365,478 ";"101,786 "
"368,268 ";"103,908 "
"371,057 ";"103,098 "
"373,847 ";"101,349 "
"376,637 ";"100,224 "
"379,427 ";"99,065 "
"382,217 ";"96,816 "
"385,007 ";"84,347 "
"387,797 ";"76,329 "
"390,587 ";"69,460 "
"393,377 ";"70,030 "
"396,167 ";"73,076 "
"398,957 ";"72,826 "
"401,746 ";"69,558 "
"404,536 ";"64,288 "
"407,326 ";"64,769 "
"410,116 ";"63,229 "
"412,906 ";"59,227 "
"415,696 ";"59,391 "
"418,486 ";"59,290 "
"421,276 ";"63,991 "
"424,066 ";"61,252 "
"426,856 ";"54,472 "
"429,646 ";"48,822 "
"432,435 ";"46,464 "
"435,225 ";"41,984 "
"438,015 ";"37,493 "
"440,805 ";"33,310 "
"443,595 ";"30,031 "
"446,385 ";"28,073 "
"449,175 ";"27,324 "
"451,965 ";"27,315 "
"454,755 ";"27,609 "
"457,545 ";"27,948 "
"460,334 ";"28,228 "
"463,124 ";"28,431 "
"465,914 ";"28,575 "
"468,704 ";"28,686 "
"471,494 ";"28,789 "
"474,284 ";"28,903 "
"477,074 ";"29,039 "
"479,864 ";"29,198 "
"482,654 ";"29,378 "
"485,444 ";"29,573 "
"488,234 ";"29,776 "
"491,023 ";"29,978 "
"493,813 ";"30,167 "
"496,603 ";"30,331 "
"499,393 ";"30,453 "
"502,183 ";"30,516 "
"504,973 ";"30,507 "
"507,763 ";"30,421 "
"510,553 ";"30,257 "
"513,343 ";"30,015 "
"516,133 ";"29,698 "
"518,923 ";"29,312 "
"521,712 ";"28,860 "
"524,502 ";"28,354 "
"527,292 ";"27,803 "
"530,082 ";"27,226 "
"532,872 ";"26,636 "
"535,662 ";"26,045 "
"538,452 ";"25,465 "
"541,242 ";"24,908 "
"544,032 ";"24,387 "
"546,822 ";"23,922 "
"549,611 ";"23,538 "
"552,401 ";"23,262 "
"555,191 ";"23,126 "
"557,981 ";"23,164 "
"560,771 ";"23,407 "
"563,561 ";"23,876 "
"566,351 ";"24,567 "
"569,141 ";"25,462 "
"571,931 ";"26,537 "
"574,721 ";"27,771 "
"577,511 ";"29,153 "
"580,300 ";"30,684 "
"583,090 ";"32,375 "
"585,880 ";"34,258 "
"588,670 ";"36,370 "
"591,460 ";"38,732 "
"594,250 ";"41,328 "
"597,040 ";"44,110 "
"599,830 ";"47,018 "
"602,620 ";"50,004 "
"605,410 ";"53,031 "
"608,200 ";"56,068 "
"610,989 ";"59,099 "
"613,779 ";"62,117 "
"616,569 ";"65,119 "
"619,359 ";"68,083 "
"622,149 ";"70,947 "
"624,939 ";"73,597 "
"627,729 ";"75,880 "
"630,519 ";"77,666 "
"633,309 ";"78,858 "
"636,099 ";"79,296 "
"638,888 ";"78,567 "
"641,678 ";"79,974 "
"644,468 ";"80,827 "
"647,258 ";"80,781 "
"650,048 ";"78,945 "
"652,838 ";"77,666 "
"655,628 ";"76,938 "
"658,418 ";"78,311 "
"661,208 ";"76,319 "
"663,998 ";"70,494 "
"666,788 ";"68,362 "
"669,577 ";"68,719 "
"672,367 ";"73,782 "
"675,157 ";"75,918 "
"677,947 ";"90,273 "
"680,737 ";"98,668 "
"683,527 ";"101,180 "
"686,317 ";"99,435 "
"689,107 ";"100,220 "
"691,897 ";"101,143 "
"694,687 ";"102,796 "
"697,477 ";"106,606 "
"700,266 ";"111,229 "
"703,056 ";"109,163 "
"705,846 ";"107,828 "
"708,636 ";"107,247 "
"711,426 ";"105,302 "
"714,216 ";"105,049 "
"717,006 ";"107,401 "
"719,796 ";"107,728 "
"722,586 ";"107,758 "
"725,376 ";"107,922 "
"728,165 ";"107,820 "
"730,955 ";"103,913 "
"733,745 ";"104,534 "
"736,535 ";"110,708 "
"739,325 ";"113,140 "
"742,115 ";"110,124 "
"744,905 ";"106,468 "
"747,695 ";"105,716 "
"750,485 ";"106,412 "
"753,275 ";"106,233 "
"756,065 ";"105,251 "
"758,854 ";"103,778 "
"761,644 ";"106,987 "
"764,434 ";"111,934 "
"767,224 ";"114,323 "
"770,014 ";"114,589 "
"772,804 ";"114,718 "
"775,594 ";"115,467 "
"778,384 ";"111,196 "
"781,174 ";"107,053 "
"783,964 ";"103,456 "
"786,753 ";"105,645 "
"789,543 ";"112,172 "
"792,333 ";"126,504 "
"795,123 ";"146,676 "
"797,913 ";"169,733 "
"800,703 ";"195,646 "
"803,493 ";"222,441 "
"806,283 ";"248,931 "
"809,073 ";"270,314 "
"811,863 ";"289,602 "
"814,653 ";"287,487 "
"817,442 ";"292,409 "
"820,232 ";"295,456 "
"823,022 ";"298,388 "
"825,812 ";"299,924 "
"828,602 ";"297,952 "
"831,392 ";"297,115 "
"834,182 ";"296,877 "
"836,972 ";"296,845 "
"839,762 ";"297,065 "
"842,552 ";"297,434 "
"845,342 ";"297,766 "
"848,131 ";"297,952 "
"850,921 ";"298,457 "
"853,711 ";"300,171 "
"856,501 ";"302,074 "
"859,291 ";"298,744 "
"862,081 ";"297,334 "
"864,871 ";"302,942 "
"867,661 ";"309,557 "
"870,451 ";"317,195 "
"873,241 ";"326,990 "
"876,030 ";"336,201 "
"878,820 ";"335,674 "
"881,610 ";"337,868 "
"884,400 ";"339,735 "
"887,190 ";"337,929 "
"889,980 ";"337,636 "
"892,770 ";"337,955 "
"895,560 ";"350,961 "
"898,350 ";"347,097 "
"901,140 ";"346,953 "
"903,930 ";"350,509 "
"906,719 ";"345,232 "
"909,509 ";"341,477 "
"912,299 ";"340,975 "
"915,089 ";"341,784 "
"917,879 ";"338,851 "
"920,669 ";"335,632 "
"923,459 ";"334,299 "
"926,249 ";"333,951 "
"929,039 ";"334,007 "
"931,829 ";"335,413 "
"934,619 ";"335,994 "
"937,408 ";"335,043 "
"940,198 ";"334,250 "
"942,988 ";"334,903 "
"945,778 ";"335,038 "
"948,568 ";"334,099 "
"951,358 ";"334,290 "
"954,148 ";"333,732 "
"956,938 ";"334,259 "
"959,728 ";"337,004 "
"962,518 ";"337,030 "
"965,307 ";"335,093 "
"968,097 ";"334,117 "
"970,887 ";"334,746 "
"973,677 ";"334,979 "
"976,467 ";"336,192 "
"979,257 ";"340,078 "
"982,047 ";"343,402 "
"984,837 ";"343,500 "
"987,627 ";"342,973 "
"990,417 ";"342,495 "
"993,207 ";"343,821 "
"995,996 ";"344,141 "
"998,786 ";"341,422 "
"1001,576 ";"341,816 "
"1004,366 ";"339,819 "
"1007,156 ";"335,623 "
"1009,946 ";"337,025 "
"1012,736 ";"339,081 "
"1015,526 ";"340,969 "
"1018,316 ";"343,921 "
"1021,106 ";"346,321 "
"1023,896 ";"345,119 "
"1026,685 ";"346,094 "
"1029,475 ";"345,863 "
"1032,265 ";"347,905 "
"1035,055 ";"344,715 "
"1037,845 ";"345,146 "
"1040,635 ";"344,195 "
"1043,425 ";"343,206 "
"1046,215 ";"342,503 "
"1049,005 ";"340,859 "
"1051,795 ";"340,580 "
"1054,584 ";"343,603 "
"1057,374 ";"346,756 "
"1060,164 ";"348,014 "
"1062,954 ";"347,058 "
"1065,744 ";"344,903 "
"1068,534 ";"342,689 "
"1071,324 ";"341,206 "
"1074,114 ";"341,379 "
"1076,904 ";"346,623 "
"1079,694 ";"339,581 "
"1082,484 ";"347,849 "
"1085,273 ";"346,658 "
"1088,063 ";"347,658 "
"1090,853 ";"344,606 "
"1093,643 ";"344,345 "
"1096,433 ";"348,160 "
"1099,223 ";"349,258 "
"1102,013 ";"344,651 "
"1104,803 ";"342,885 "
"1107,593 ";"342,814 "
"1110,383 ";"341,560 "
"1113,172 ";"340,348 "
"1115,962 ";"340,325 "
"1118,752 ";"339,003 "
"1121,542 ";"338,303 "
"1124,332 ";"338,126 "
"1127,122 ";"340,652 "
"1129,912 ";"340,914 "
"1132,702 ";"342,218 "
"1135,492 ";"343,934 "
"1138,282 ";"340,799 "
"1141,072 ";"339,145 "
"1143,861 ";"337,724 "
"1146,651 ";"335,538 "
"1149,441 ";"336,768 "
"1152,231 ";"333,082 "
"1155,021 ";"325,433 "
"1157,811 ";"326,400 "
"1160,601 ";"326,798 "
"1163,391 ";"331,684 "
"1166,181 ";"332,095 "
"1168,971 ";"332,038 "
"1171,761 ";"331,111 "
"1174,550 ";"329,367 "
"1177,340 ";"326,894 "
"1180,130 ";"323,842 "
"1182,920 ";"320,410 "
"1185,710 ";"316,791 "
"1188,500 ";"313,116 "
"1191,290 ";"309,374 "
"1194,080 ";"305,094 "
"1196,870 ";"299,862 "
"1199,660 ";"294,578 "
"1202,449 ";"293,417 "
"1205,239 ";"296,849 "
"1208,029 ";"306,546 "
"1210,819 ";"319,902 "
"1213,609 ";"339,402 "
"1216,399 ";"355,613 "
"1219,189 ";"368,610 "
"1221,979 ";"374,955 "
"1224,769 ";"383,412 "
"1227,559 ";"410,223 "
"1230,349 ";"434,114 "
"1233,138 ";"454,576 "
"1235,928 ";"470,962 "
"1238,718 ";"484,658 "
"1241,508 ";"496,952 "
"1244,298 ";"508,418 "
"1247,088 ";"520,767 "
"1249,878 ";"532,893 "
"1252,668 ";"538,225 "
"1255,458 ";"542,387 "
"1258,248 ";"545,903 "
"1261,038 ";"548,525 "
"1263,827 ";"549,904 "
"1266,617 ";"550,144 "
"1269,407 ";"549,087 "
"1272,197 ";"546,531 "
"1274,987 ";"542,438 "
"1277,777 ";"536,008 "
"1280,567 ";"531,345 "
"1283,357 ";"531,098 "
"1286,147 ";"535,892 "
"1288,937 ";"540,887 "
"1291,726 ";"549,231 "
"1294,516 ";"561,348 "
"1297,306 ";"572,662 "
"1300,096 ";"577,551 "
"1302,886 ";"583,157 "
"1305,676 ";"587,458 "
"1308,466 ";"589,730 "
"1311,256 ";"587,854 "
"1314,046 ";"588,814 "
"1316,836 ";"589,444 "
"1319,626 ";"593,049 "
"1322,415 ";"599,701 "
"1325,205 ";"605,259 "
"1327,995 ";"610,046 "
"1330,785 ";"614,718 "
"1333,575 ";"620,092 "
"1336,365 ";"626,776 "
"1339,155 ";"635,120 "
"1341,945 ";"639,769 "
"1344,735 ";"640,766 "
"1347,525 ";"642,279 "
"1350,315 ";"641,895 "
"1353,104 ";"640,053 "
"1355,894 ";"639,961 "
"1358,684 ";"638,928 "
"1361,474 ";"635,607 "
"1364,264 ";"634,648 "
"1367,054 ";"638,637 "
"1369,844 ";"635,540 "
"1372,634 ";"633,729 "
"1375,424 ";"633,691 "
"1378,214 ";"633,819 "
"1381,003 ";"633,964 "
"1383,793 ";"634,072 "
"1386,583 ";"634,324 "
"1389,373 ";"636,466 "
"1392,163 ";"636,828 "
"1394,953 ";"639,223 "
"1397,743 ";"639,022 "
"1400,533 ";"637,329 "
"1403,323 ";"635,136 "
"1406,113 ";"630,149 "
"1408,903 ";"629,065 "
"1411,692 ";"622,964 "
"1414,482 ";"618,257 "
"1417,272 ";"620,472 "
"1420,062 ";"621,035 "
"1422,852 ";"623,028 "
"1425,642 ";"624,905 "
"1428,432 ";"625,937 "
"1431,222 ";"626,225 "
"1434,012 ";"625,358 "
"1436,802 ";"622,833 "
"1439,591 ";"618,882 "
"1442,381 ";"618,883 "
"1445,171 ";"616,886 "
"1447,961 ";"616,188 "
"1450,751 ";"616,399 "
"1453,541 ";"612,850 "
"1456,331 ";"610,531 "
"1459,121 ";"612,006 "
"1461,911 ";"611,076 "
"1464,701 ";"607,007 "
"1467,491 ";"607,221 "
"1470,280 ";"611,469 "
"1473,070 ";"611,908 "
"1475,860 ";"615,155 "
"1478,650 ";"622,270 "
"1481,440 ";"631,777 "
"1484,230 ";"643,767 "
"1487,020 ";"658,158 "
"1489,810 ";"674,507 "
"1492,600 ";"692,436 "
"1495,390 ";"711,962 "
"1498,180 ";"731,454 "
"1500,969 ";"743,269 "
"1503,759 ";"742,787 "
"1506,549 ";"749,401 "
"1509,339 ";"755,530 "
"1512,129 ";"760,437 "
"1514,919 ";"764,332 "
"1517,709 ";"767,691 "
"1520,499 ";"770,184 "
"1523,289 ";"772,337 "
"1526,079 ";"777,328 "
"1528,868 ";"771,742 "
"1531,658 ";"769,041 "
"1534,448 ";"777,464 "
"1537,238 ";"778,531 "
"1540,028 ";"780,673 "
"1542,818 ";"782,206 "
"1545,608 ";"782,535 "
"1548,398 ";"783,146 "
"1551,188 ";"786,572 "
"1553,978 ";"790,529 "
"1556,768 ";"793,246 "
"1559,557 ";"795,737 "
"1562,347 ";"794,406 "
"1565,137 ";"794,656 "
"1567,927 ";"796,101 "
"1570,717 ";"795,109 "
"1573,507 ";"795,472 "
"1576,297 ";"796,804 "
"1579,087 ";"796,536 "
"1581,877 ";"793,846 "
"1584,667 ";"792,604 "
"1587,457 ";"794,387 "
"1590,246 ";"794,502 "
"1593,036 ";"795,213 "
"1595,826 ";"799,972 "
"1598,616 ";"801,147 "
"1601,406 ";"800,398 "
"1604,196 ";"802,476 "
"1606,986 ";"797,593 "
"1609,776 ";"798,622 "
"1612,566 ";"801,042 "
"1615,356 ";"800,854 "
"1618,145 ";"800,865 "
"1620,935 ";"805,688 "
"1623,725 ";"803,503 "
"1626,515 ";"803,504 "
"1629,305 ";"799,059 "
"1632,095 ";"797,232 "
"1634,885 ";"798,212 "
"1637,675 ";"800,853 "
"1640,465 ";"808,257 "
"1643,255 ";"816,863 "
"1646,045 ";"816,240 "
"1648,834 ";"815,430 "
"1651,624 ";"814,315 "
"1654,414 ";"815,099 "
"1657,204 ";"815,637 "
"1659,994 ";"816,629 "
"1662,784 ";"815,448 "
"1665,574 ";"814,144 "
"1668,364 ";"814,912 "
"1671,154 ";"817,917 "
"1673,944 ";"814,366 "
"1676,734 ";"819,671 "
"1679,523 ";"817,429 "
"1682,313 ";"822,787 "
"1685,103 ";"823,361 "
"1687,893 ";"822,629 "
"1690,683 ";"820,440 "
"1693,473 ";"816,534 "
"1696,263 ";"813,578 "
"1699,053 ";"810,261 "
"1701,843 ";"808,478 "
"1704,633 ";"807,608 "
"1707,422 ";"809,189 "
"1710,212 ";"818,628 "
"1713,002 ";"826,703 "
"1715,792 ";"835,615 "
"1718,582 ";"846,511 "
"1721,372 ";"859,604 "
"1724,162 ";"874,671 "
"1726,952 ";"891,259 "
"1729,742 ";"908,764 "
"1732,532 ";"926,578 "
"1735,322 ";"944,226 "
"1738,111 ";"961,374 "
"1740,901 ";"977,683 "
"1743,691 ";"992,552 "
"1746,481 ";"1004,892 "
"1749,271 ";"1015,071 "
"1752,061 ";"1019,781 "
"1754,851 ";"1021,061 "
"1757,641 ";"1020,339 "
"1760,431 ";"1021,405 "
"1763,221 ";"1020,418 "
"1766,010 ";"1020,894 "
"1768,800 ";"1024,460 "
"1771,590 ";"1027,936 "
"1774,380 ";"1030,859 "
"1777,170 ";"1028,580 "
"1779,960 ";"1022,210 "
"1782,750 ";"1016,949 "
"1785,540 ";"1011,431 "
"1788,330 ";"1001,192 "
"1791,120 ";"1000,747 "
"1793,910 ";"1000,076 "
"1796,699 ";"1001,055 "
"1799,489 ";"999,275 "
"1802,279 ";"1000,823 "
"1805,069 ";"1001,067 "
"1807,859 ";"1001,483 "
"1810,649 ";"1004,166 "
"1813,439 ";"1004,317 "
"1816,229 ";"1004,637 "
"1819,019 ";"1003,257 "
"1821,809 ";"997,631 "
"1824,599 ";"993,495 "
"1827,388 ";"991,307 "
"1830,178 ";"992,121 "
"1832,968 ";"992,058 "
"1835,758 ";"991,033 "
"1838,548 ";"990,666 "
"1841,338 ";"990,667 "
"1844,128 ";"992,097 "
"1846,918 ";"994,494 "
"1849,708 ";"999,651 "
"1852,498 ";"991,397 "
"1855,287 ";"994,128 "
"1858,077 ";"999,142 "
"1860,867 ";"1005,537 "
"1863,657 ";"1009,123 "
"1866,447 ";"1009,636 "
"1869,237 ";"1008,679 "
"1872,027 ";"1009,997 "
"1874,817 ";"1009,565 "
"1877,607 ";"1009,285 "
"1880,397 ";"1010,354 "
"1883,187 ";"1009,373 "
"1885,976 ";"1009,981 "
"1888,766 ";"1011,126 "
"1891,556 ";"1011,465 "
"1894,346 ";"1011,090 "
"1897,136 ";"1011,634 "
"1899,926 ";"1011,717 "
"1902,716 ";"1012,891 "
"1905,506 ";"1011,990 "
"1908,296 ";"1011,661 "
"1911,086 ";"1012,116 "
"1913,876 ";"1014,234 "
"1916,665 ";"1016,309 "
"1919,455 ";"1018,025 "
"1922,245 ";"1019,427 "
"1925,035 ";"1031,678 "
"1927,825 ";"1037,375 "
"1930,615 ";"1038,606 "
"1933,405 ";"1038,722 "
"1936,195 ";"1040,170 "
"1938,985 ";"1044,557 "
"1941,775 ";"1057,405 "
"1944,564 ";"1083,068 "
"1947,354 ";"1106,722 "
"1950,144 ";"1120,584 "
"1952,934 ";"1128,427 "
"1955,724 ";"1139,778 "
"1958,514 ";"1149,091 "
"1961,304 ";"1155,364 "
"1964,094 ";"1157,604 "
"1966,884 ";"1157,759 "
"1969,674 ";"1154,183 "
"1972,464 ";"1153,129 "
"1975,253 ";"1154,642 "
"1978,043 ";"1155,592 "
"1980,833 ";"1160,285 "
"1983,623 ";"1165,610 "
"1986,413 ";"1170,640 "
"1989,203 ";"1181,786 "
"1991,993 ";"1187,840 "
"1994,783 ";"1191,646 "
"1997,573 ";"1196,565 "
"2000,363 ";"1201,723 "
"2003,153 ";"1206,481 "
"2005,942 ";"1210,053 "
"2008,732 ";"1211,224 "
"2011,522 ";"1207,810 "
"2014,312 ";"1205,166 "
"2017,102 ";"1203,006 "
"2019,892 ";"1200,931 "
"2022,682 ";"1196,589 "
"2025,472 ";"1191,152 "
"2028,262 ";"1196,939 "
"2031,052 ";"1196,084 "
"2033,841 ";"1195,548 "
"2036,631 ";"1192,143 "
"2039,421 ";"1200,316 "
"2042,211 ";"1216,576 "
"2045,001 ";"1219,145 "
"2047,791 ";"1220,527 "
"2050,581 ";"1219,145 "
"2053,371 ";"1219,299 "
"2056,161 ";"1215,751 "
"2058,951 ";"1214,004 "
"2061,741 ";"1215,435 "
"2064,530 ";"1217,699 "
"2067,320 ";"1219,176 "
"2070,110 ";"1220,076 "
"2072,900 ";"1221,101 "
"2075,690 ";"1222,128 "
"2078,480 ";"1222,263 "
"2081,270 ";"1222,921 "
"2084,060 ";"1223,743 "
"2086,850 ";"1223,320 "
"2089,640 ";"1221,774 "
"2092,430 ";"1221,584 "
"2095,219 ";"1223,020 "
"2098,009 ";"1221,128 "
"2100,799 ";"1223,437 "
"2103,589 ";"1224,075 "
"2106,379 ";"1224,421 "
"2109,169 ";"1223,386 "
"2111,959 ";"1224,351 "
"2114,749 ";"1223,617 "
"2117,539 ";"1224,420 "
"2120,329 ";"1223,085 "
"2123,118 ";"1223,841 "
"2125,908 ";"1223,615 "
"2128,698 ";"1222,440 "
"2131,488 ";"1221,314 "
"2134,278 ";"1221,643 "
"2137,068 ";"1223,295 "
"2139,858 ";"1223,184 "
"2142,648 ";"1221,310 "
"2145,438 ";"1221,901 "
"2148,228 ";"1221,827 "
"2151,018 ";"1221,399 "
"2153,807 ";"1225,338 "
"2156,597 ";"1228,697 "
"2159,387 ";"1233,163 "
"2162,177 ";"1239,479 "
"2164,967 ";"1248,051 "
"2167,757 ";"1259,289 "
"2170,547 ";"1270,680 "
"2173,337 ";"1284,357 "
"2176,127 ";"1302,257 "
"2178,917 ";"1318,031 "
"2181,706 ";"1332,872 "
"2184,496 ";"1347,116 "
"2187,286 ";"1358,244 "
"2190,076 ";"1367,239 "
"2192,866 ";"1374,533 "
"2195,656 ";"1380,259 "
"2198,446 ";"1380,340 "
"2201,236 ";"1379,849 "
"2204,026 ";"1379,943 "
"2206,816 ";"1375,668 "
"2209,606 ";"1369,539 "
"2212,395 ";"1373,652 "
"2215,185 ";"1375,243 "
"2217,975 ";"1372,093 "
"2220,765 ";"1368,259 "
"2223,555 ";"1369,377 "
"2226,345 ";"1369,881 "
"2229,135 ";"1371,749 "
"2231,925 ";"1374,781 "
"2234,715 ";"1376,711 "
"2237,505 ";"1377,969 "
"2240,295 ";"1378,446 "
"2243,084 ";"1377,849 "
"2245,874 ";"1375,703 "
"2248,664 ";"1372,479 "
"2251,454 ";"1370,715 "
"2254,244 ";"1372,369 "
"2257,034 ";"1377,046 "
"2259,824 ";"1381,936 "
"2262,614 ";"1383,807 "
"2265,404 ";"1382,449 "
"2268,194 ";"1378,947 "
"2270,983 ";"1373,994 "
"2273,773 ";"1375,222 "
"2276,563 ";"1378,100 "
"2279,353 ";"1374,346 "
"2282,143 ";"1371,809 "
"2284,933 ";"1382,179 "
"2287,723 ";"1389,747 "
"2290,513 ";"1395,351 "
"2293,303 ";"1399,304 "
"2296,093 ";"1412,006 "
"2298,883 ";"1422,489 "
"2301,672 ";"1430,950 "
"2304,462 ";"1435,695 "
"2307,252 ";"1435,835 "
"2310,042 ";"1434,430 "
"2312,832 ";"1434,231 "
"2315,622 ";"1432,259 "
"2318,412 ";"1426,050 "
"2321,202 ";"1426,237 "
"2323,992 ";"1430,448 "
"2326,782 ";"1432,786 "
"2329,572 ";"1435,244 "
"2332,361 ";"1438,246 "
"2335,151 ";"1442,216 "
"2337,941 ";"1436,413 "
"2340,731 ";"1427,572 "
"2343,521 ";"1413,852 "
"2346,311 ";"1408,385 "
"2349,101 ";"1405,416 "
"2351,891 ";"1406,527 "
"2354,681 ";"1415,630 "
"2357,471 ";"1421,319 "
"2360,260 ";"1419,729 "
"2363,050 ";"1427,293 "
"2365,840 ";"1433,729 "
"2368,630 ";"1440,505 "
"2371,420 ";"1446,990 "
"2374,210 ";"1452,785 "
"2377,000 ";"1457,905 "
"2379,790 ";"1462,165 "
"2382,580 ";"1462,696 "
"2385,370 ";"1462,308 "
"2388,160 ";"1463,726 "
"2390,949 ";"1481,202 "
"2393,739 ";"1506,661 "
"2396,529 ";"1533,335 "
"2399,319 ";"1556,191 "
"2402,109 ";"1576,451 "
"2404,899 ";"1589,317 "
"2407,689 ";"1585,254 "
"2410,479 ";"1584,490 "
"2413,269 ";"1589,774 "
"2416,059 ";"1588,882 "
"2418,849 ";"1587,506 "
"2421,638 ";"1577,501 "
"2424,428 ";"1573,714 "
"2427,218 ";"1570,019 "
"2430,008 ";"1572,217 "
"2432,798 ";"1576,047 "
"2435,588 ";"1581,783 "
"2438,378 ";"1590,675 "
"2441,168 ";"1596,715 "
"2443,958 ";"1598,005 "
"2446,748 ";"1599,934 "
"2449,537 ";"1602,671 "
"2452,327 ";"1606,089 "
"2455,117 ";"1610,767 "
"2457,907 ";"1615,641 "
"2460,697 ";"1620,715 "
"2463,487 ";"1626,147 "
"2466,277 ";"1628,481 "
"2469,067 ";"1630,492 "
"2471,857 ";"1631,389 "
"2474,647 ";"1632,211 "
"2477,437 ";"1634,113 "
"2480,226 ";"1634,935 "
"2483,016 ";"1638,128 "
"2485,806 ";"1638,014 "
"2488,596 ";"1637,683 "
"2491,386 ";"1636,976 "
"2494,176 ";"1633,971 "
"2496,966 ";"1627,235 "
"2499,756 ";"1623,731 "
"2502,546 ";"1623,110 "
"2505,336 ";"1622,756 "
"2508,125 ";"1621,831 "
"2510,915 ";"1622,320 "
"2513,705 ";"1623,811 "
"2516,495 ";"1626,133 "
"2519,285 ";"1630,255 "
"2522,075 ";"1632,168 "
"2524,865 ";"1634,128 "
"2527,655 ";"1629,678 "
"2530,445 ";"1625,711 "
"2533,235 ";"1627,217 "
"2536,025 ";"1623,710 "
"2538,814 ";"1622,166 "
"2541,604 ";"1621,982 "
"2544,394 ";"1623,898 "
"2547,184 ";"1621,774 "
"2549,974 ";"1624,615 "
"2552,764 ";"1628,263 "
"2555,554 ";"1628,405 "
"2558,344 ";"1626,476 "
"2561,134 ";"1621,625 "
"2563,924 ";"1622,327 "
"2566,714 ";"1610,142 "
"2569,503 ";"1588,605 "
"2572,293 ";"1585,899 "
"2575,083 ";"1584,821 "
"2577,873 ";"1585,362 "
"2580,663 ";"1586,468 "
"2583,453 ";"1610,272 "
"2586,243 ";"1632,791 "
"2589,033 ";"1648,807 "
"2591,823 ";"1657,817 "
"2594,613 ";"1663,592 "
"2597,402 ";"1665,582 "
"2600,192 ";"1667,874 "
"2602,982 ";"1678,737 "
"2605,772 ";"1692,921 "
"2608,562 ";"1706,742 "
"2611,352 ";"1711,408 "
"2614,142 ";"1708,925 "
"2616,932 ";"1704,737 "
"2619,722 ";"1665,957 "
"2622,512 ";"1657,641 "
"2625,302 ";"1651,913 "
"2628,091 ";"1650,023 "
"2630,881 ";"1651,005 "
"2633,671 ";"1656,198 "
"2636,461 ";"1668,919 "
"2639,251 ";"1683,163 "
"2642,041 ";"1698,590 "
"2644,831 ";"1714,857 "
"2647,621 ";"1730,765 "
"2650,411 ";"1745,230 "
"2653,201 ";"1757,747 "
"2655,991 ";"1768,478 "
"2658,780 ";"1779,407 "
"2661,570 ";"1793,564 "
"2664,360 ";"1808,308 "
"2667,150 ";"1819,945 "
"2669,940 ";"1823,656 "
"2672,730 ";"1820,412 "
"2675,520 ";"1818,831 "
"2678,310 ";"1818,379 "
"2681,100 ";"1818,939 "
"2683,890 ";"1820,968 "
"2686,679 ";"1824,183 "
"2689,469 ";"1827,185 "
"2692,259 ";"1831,571 "
"2695,049 ";"1833,747 "
"2697,839 ";"1833,778 "
"2700,629 ";"1833,959 "
"2703,419 ";"1834,703 "
"2706,209 ";"1836,036 "
"2708,999 ";"1838,058 "
"2711,789 ";"1840,358 "
"2714,579 ";"1842,280 "
"2717,368 ";"1853,665 "
"2720,158 ";"1862,141 "
"2722,948 ";"1864,907 "
"2725,738 ";"1871,257 "
"2728,528 ";"1864,739 "
"2731,318 ";"1866,233 "
"2734,108 ";"1863,179 "
"2736,898 ";"1865,759 "
"2739,688 ";"1865,925 "
"2742,478 ";"1866,728 "
"2745,268 ";"1867,244 "
"2748,057 ";"1867,405 "
"2750,847 ";"1868,761 "
"2753,637 ";"1869,504 "
"2756,427 ";"1868,741 "
"2759,217 ";"1867,871 "
"2762,007 ";"1867,243 "
"2764,797 ";"1868,772 "
"2767,587 ";"1870,400 "
"2770,377 ";"1869,200 "
"2773,167 ";"1870,916 "
"2775,956 ";"1870,650 "
"2778,746 ";"1870,134 "
"2781,536 ";"1860,603 "
"2784,326 ";"1857,848 "
"2787,116 ";"1857,737 "
"2789,906 ";"1857,564 "
"2792,696 ";"1856,624 "
"2795,486 ";"1856,079 "
"2798,276 ";"1857,719 "
"2801,066 ";"1862,306 "
"2803,856 ";"1866,788 "
"2806,645 ";"1871,368 "
"2809,435 ";"1876,134 "
"2812,225 ";"1881,035 "
"2815,015 ";"1886,117 "
"2817,805 ";"1890,074 "
"2820,595 ";"1892,331 "
"2823,385 ";"1891,834 "
"2826,175 ";"1890,657 "
"2828,965 ";"1893,126 "
"2831,755 ";"1891,465 "
"2834,544 ";"1889,513 "
"2837,334 ";"1885,681 "
"2840,124 ";"1878,637 "
"2842,914 ";"1875,359 "
"2845,704 ";"1873,434 "
"2848,494 ";"1874,414 "
"2851,284 ";"1872,990 "
"2854,074 ";"1874,110 "
"2856,864 ";"1863,548 "
"2859,654 ";"1870,723 "
"2862,444 ";"1877,511 "
"2865,233 ";"1877,117 "
"2868,023 ";"1871,053 "
"2870,813 ";"1874,361 "
"2873,603 ";"1877,190 "
"2876,393 ";"1880,251 "
"2879,183 ";"1893,343 "
"2881,973 ";"1917,818 "
"2884,763 ";"1921,206 "
"2887,553 ";"1926,502 "
"2890,343 ";"1925,272 "
"2893,133 ";"1924,216 "
"2895,922 ";"1925,341 "
"2898,712 ";"1923,649 "
"2901,502 ";"1924,432 "
"2904,292 ";"1927,733 "
"2907,082 ";"1931,276 "
"2909,872 ";"1931,792 "
"2912,662 ";"1933,430 "
"2915,452 ";"1934,012 "
"2918,242 ";"1934,344 "
"2921,032 ";"1934,048 "
"2923,821 ";"1933,916 "
"2926,611 ";"1933,743 "
"2929,401 ";"1933,459 "
"2932,191 ";"1932,946 "
"2934,981 ";"1931,905 "
"2937,771 ";"1929,884 "
"2940,561 ";"1929,017 "
"2943,351 ";"1932,830 "
"2946,141 ";"1941,495 "
"2948,931 ";"1942,230 "
"2951,721 ";"1939,717 "
"2954,510 ";"1933,904 "
"2957,300 ";"1922,049 "
"2960,090 ";"1921,567 "
"2962,880 ";"1917,865 "
"2965,670 ";"1919,156 "
"2968,460 ";"1925,337 "
"2971,250 ";"1928,263 "
"2974,040 ";"1924,145 "
"2976,830 ";"1920,413 "
"2979,620 ";"1918,058 "
"2982,410 ";"1916,952 "
"2985,199 ";"1916,922 "
"2987,989 ";"1917,797 "
"2990,779 ";"1919,414 "
"2993,569 ";"1921,513 "
"2996,359 ";"1923,476 "
"2999,149 ";"1923,430 "
"3001,939 ";"1940,120 "
"3004,729 ";"1956,899 "
"3007,519 ";"1967,785 "
"3010,309 ";"1972,634 "
"3013,098 ";"1967,176 "
"3015,888 ";"1971,097 "
"3018,678 ";"1973,651 "
"3021,468 ";"1976,987 "
"3024,258 ";"1969,645 "
"3027,048 ";"1968,175 "
"3029,838 ";"1968,379 "
"3032,628 ";"1970,467 "
"3035,418 ";"1973,857 "
"3038,208 ";"1977,304 "
"3040,998 ";"1981,621 "
"3043,787 ";"1988,539 "
"3046,577 ";"1997,223 "
"3049,367 ";"2006,738 "
"3052,157 ";"2013,710 "
"3054,947 ";"2018,731 "
"3057,737 ";"2022,100 "
"3060,527 ";"2023,206 "
"3063,317 ";"2024,651 "
"3066,107 ";"2025,494 "
"3068,897 ";"2026,698 "
"3071,687 ";"2026,496 "
"3074,476 ";"2025,725 "
"3077,266 ";"2023,408 "
"3080,056 ";"2025,921 "
"3082,846 ";"2024,180 "
"3085,636 ";"2024,229 "
"3088,426 ";"2025,249 "
"3091,216 ";"2025,967 "
"3094,006 ";"2025,115 "
"3096,796 ";"2024,419 "
"3099,586 ";"2024,394 "
"3102,375 ";"2023,978 "
"3105,165 ";"2024,106 "
"3107,955 ";"2025,062 "
"3110,745 ";"2026,792 "
"3113,535 ";"2028,801 "
"3116,325 ";"2031,463 "
"3119,115 ";"2027,412 "
"3121,905 ";"2025,282 "
"3124,695 ";"2023,706 "
"3127,485 ";"2022,594 "
"3130,275 ";"2021,524 "
"3133,064 ";"2022,711 "
"3135,854 ";"2022,366 "
"3138,644 ";"2020,339 "
"3141,434 ";"2020,296 "
"3144,224 ";"2021,692 "
"3147,014 ";"2023,260 "
"3149,804 ";"2026,960 "
"3152,594 ";"2029,570 "
"3155,384 ";"2030,885 "
"3158,174 ";"2029,056 "
"3160,963 ";"2025,802 "
"3163,753 ";"2021,880 "
"3166,543 ";"2018,038 "
"3169,333 ";"2018,315 "
"3172,123 ";"2019,143 "
"3174,913 ";"2019,766 "
"3177,703 ";"2021,302 "
"3180,493 ";"2023,199 "
"3183,283 ";"2022,911 "
"3186,073 ";"2023,367 "
"3188,863 ";"2025,097 "
"3191,652 ";"2025,244 "
"3194,442 ";"2022,652 "
"3197,232 ";"2022,791 "
"3200,022 ";"2024,182 "
"3202,812 ";"2022,717 "
"3205,602 ";"2022,334 "
"3208,392 ";"2020,446 "
"3211,182 ";"2019,156 "
"3213,972 ";"2018,548 "
"3216,762 ";"2019,252 "
"3219,552 ";"2020,524 "
"3222,341 ";"2023,326 "
"3225,131 ";"2027,160 "
"3227,921 ";"2027,809 "
"3230,711 ";"2029,471 "
"3233,501 ";"2030,462 "
"3236,291 ";"2030,255 "
"3239,081 ";"2028,696 "
"3241,871 ";"2025,111 "
"3244,661 ";"2025,406 "
"3247,451 ";"2024,981 "
"3250,240 ";"2024,215 "
"3253,030 ";"2025,200 "
"3255,820 ";"2023,665 "
"3258,610 ";"2024,640 "
"3261,400 ";"2024,403 "
"3264,190 ";"2023,926 "
"3266,980 ";"2024,263 "
"3269,770 ";"2022,653 "
"3272,560 ";"2020,343 "
"3275,350 ";"2023,711 "
"3278,140 ";"2023,759 "
"3280,929 ";"2022,991 "
"3283,719 ";"2021,814 "
"3286,509 ";"2021,610 "
"3289,299 ";"2023,031 "
"3292,089 ";"2022,653 "
"3294,879 ";"2019,907 "
"3297,669 ";"2020,049 "
"3300,459 ";"2019,850 "
"3303,249 ";"2020,021 "
"3306,039 ";"2016,418 "
"3308,829 ";"2012,215 "
"3311,618 ";"2001,152 "
"3314,408 ";"1995,401 "
"3317,198 ";"1995,889 "
"3319,988 ";"1996,956 "
"3322,778 ";"2008,665 "
"3325,568 ";"2003,127 "
"3328,358 ";"2000,061 "
"3331,148 ";"2000,979 "
"3333,938 ";"2005,451 "
"3336,728 ";"2021,615 "
"3339,517 ";"2036,306 "
"3342,307 ";"2046,160 "
"3345,097 ";"2041,809 "
"3347,887 ";"2040,254 "
"3350,677 ";"2033,881 "
"3353,467 ";"2030,122 "
"3356,257 ";"2030,298 "
"3359,047 ";"2028,837 "
"3361,837 ";"2032,230 "
"3364,627 ";"2037,234 "
"3367,417 ";"2045,314 "
"3370,206 ";"2047,383 "
"3372,996 ";"2050,541 "
"3375,786 ";"2053,575 "
"3378,576 ";"2045,297 "
"3381,366 ";"2039,449 "
"3384,156 ";"2036,225 "
"3386,946 ";"2035,511 "
"3389,736 ";"2035,757 "
"3392,526 ";"2037,697 "
"3395,316 ";"2041,845 "
"3398,106 ";"2041,999 "
"3400,895 ";"2041,228 "
"3403,685 ";"2042,001 "
"3406,475 ";"2042,250 "
"3409,265 ";"2041,850 "
"3412,055 ";"2038,533 "
"3414,845 ";"2035,205 "
"3417,635 ";"2031,678 "
"3420,425 ";"2029,356 "
"3423,215 ";"2035,440 "
"3426,005 ";"2040,275 "
"3428,794 ";"2045,786 "
"3431,584 ";"2043,440 "
"3434,374 ";"2042,579 "
"3437,164 ";"2043,199 "
"3439,954 ";"2047,967 "
"3442,744 ";"2044,010 "
"3445,534 ";"2042,392 "
"3448,324 ";"2042,821 "
"3451,114 ";"2043,486 "
"3453,904 ";"2044,881 "
"3456,694 ";"2047,608 "
"3459,483 ";"2051,522 "
"3462,273 ";"2055,952 "
"3465,063 ";"2060,466 "
"3467,853 ";"2065,199 "
"3470,643 ";"2071,961 "
"3473,433 ";"2079,407 "
"3476,223 ";"2087,287 "
"3479,013 ";"2095,721 "
"3481,803 ";"2104,337 "
"3484,593 ";"2112,314 "
"3487,383 ";"2118,919 "
"3490,172 ";"2123,928 "
"3492,962 ";"2127,572 "
"3495,752 ";"2130,315 "
"3498,542 ";"2132,635 "
"3501,332 ";"2134,872 "
"3504,122 ";"2137,192 "
"3506,912 ";"2139,632 "
"3509,702 ";"2142,149 "
"3512,492 ";"2144,670 "
"3515,282 ";"2147,150 "
"3518,071 ";"2149,573 "
"3520,861 ";"2151,899 "
"3523,651 ";"2154,055 "
"3526,441 ";"2155,966 "
"3529,231 ";"2157,605 "
"3532,021 ";"2158,993 "
"3534,811 ";"2160,229 "
"3537,601 ";"2161,854 "
"3540,391 ";"2164,898 "
"3543,181 ";"2168,780 "
"3545,971 ";"2172,394 "
"3548,760 ";"2175,512 "
"3551,550 ";"2178,189 "
"3554,340 ";"2180,514 "
"3557,130 ";"2182,516 "
"3559,920 ";"2184,160 "
"3562,710 ";"2185,700 "
"3565,500 ";"2189,142 "
"3568,290 ";"2188,366 "
"3571,080 ";"2191,098 "
"3573,870 ";"2194,621 "
"3576,659 ";"2198,595 "
"3579,449 ";"2201,647 "
"3582,239 ";"2203,840 "
"3585,029 ";"2203,158 "
"3587,819 ";"2200,615 "
"3590,609 ";"2203,693 "
"3593,399 ";"2202,512 "
"3596,189 ";"2203,489 "
"3598,979 ";"2203,932 "
"3601,769 ";"2203,862 "
"3604,559 ";"2203,500 "
"3607,348 ";"2203,431 "
"3610,138 ";"2203,254 "
"3612,928 ";"2201,255 "
"3615,718 ";"2198,093 "
"3618,508 ";"2194,857 "
"3621,298 ";"2191,779 "
"3624,088 ";"2188,101 "
"3626,878 ";"2183,010 "
"3629,668 ";"2175,843 "
"3632,458 ";"2169,445 "
"3635,248 ";"2167,587 "
"3638,037 ";"2164,302 "
"3640,827 ";"2167,312 "
"3643,617 ";"2168,438 "
"3646,407 ";"2169,024 "
"3649,197 ";"2168,520 "
"3651,987 ";"2167,231 "
"3654,777 ";"2165,552 "
"3657,567 ";"2163,815 "
"3660,357 ";"2161,152 "
"3663,147 ";"2170,674 "
"3665,936 ";"2190,169 "
"3668,726 ";"2204,666 "
"3671,516 ";"2214,285 "
"3674,306 ";"2226,643 "
"3677,096 ";"2230,079 "
"3679,886 ";"2227,427 "
"3682,676 ";"2231,775 "
"3685,466 ";"2229,352 "
"3688,256 ";"2229,687 "
"3691,046 ";"2231,078 "
"3693,836 ";"2228,631 "
"3696,625 ";"2225,030 "
"3699,415 ";"2223,221 "
"3702,205 ";"2220,526 "
"3704,995 ";"2216,907 "
"3707,785 ";"2214,998 "
"3710,575 ";"2213,998 "
"3713,365 ";"2213,749 "
"3716,155 ";"2211,015 "
"3718,945 ";"2211,993 "
"3721,735 ";"2209,955 "
"3724,525 ";"2207,172 "
"3727,314 ";"2205,116 "
"3730,104 ";"2200,177 "
"3732,894 ";"2195,877 "
"3735,684 ";"2196,144 "
"3738,474 ";"2195,902 "
"3741,264 ";"2196,305 "
"3744,054 ";"2198,194 "
"3746,844 ";"2199,938 "
"3749,634 ";"2203,024 "
"3752,424 ";"2210,474 "
"3755,213 ";"2208,583 "
"3758,003 ";"2209,646 "
"3760,793 ";"2212,382 "
"3763,583 ";"2211,552 "
"3766,373 ";"2219,162 "
"3769,163 ";"2223,333 "
"3771,953 ";"2218,710 "
"3774,743 ";"2226,997 "
"3777,533 ";"2228,475 "
"3780,323 ";"2234,381 "
"3783,113 ";"2242,002 "
"3785,902 ";"2235,994 "
"3788,692 ";"2231,116 "
"3791,482 ";"2225,073 "
"3794,272 ";"2219,714 "
"3797,062 ";"2217,836 "
"3799,852 ";"2216,701 "
"3802,642 ";"2214,862 "
"3805,432 ";"2218,347 "
"3808,222 ";"2221,969 "
"3811,012 ";"2228,132 "
"3813,802 ";"2232,142 "
"3816,591 ";"2234,548 "
"3819,381 ";"2237,307 "
"3822,171 ";"2240,408 "
"3824,961 ";"2249,226 "
"3827,751 ";"2256,451 "
"3830,541 ";"2264,336 "
"3833,331 ";"2270,527 "
"3836,121 ";"2273,643 "
"3838,911 ";"2276,106 "
"3841,701 ";"2276,331 "
"3844,490 ";"2273,459 "
"3847,280 ";"2272,657 "
"3850,070 ";"2277,199 "
"3852,860 ";"2278,901 "
"3855,650 ";"2270,824 "
"3858,440 ";"2258,780 "
"3861,230 ";"2258,081 "
"3864,020 ";"2258,112 "
"3866,810 ";"2254,829 "
"3869,600 ";"2260,204 "
"3872,390 ";"2265,600 "
"3875,179 ";"2275,097 "
"3877,969 ";"2272,387 "
"3880,759 ";"2273,962 "
"3883,549 ";"2283,338 "
"3886,339 ";"2287,698 "
"3889,129 ";"2286,581 "
"3891,919 ";"2282,563 "
"3894,709 ";"2277,077 "
"3897,499 ";"2276,302 "
"3900,289 ";"2278,347 "
"3903,078 ";"2278,386 "
"3905,868 ";"2271,942 "
"3908,658 ";"2276,887 "
"3911,448 ";"2278,179 "
"3914,238 ";"2276,885 "
"3917,028 ";"2273,758 "
"3919,818 ";"2269,368 "
"3922,608 ";"2269,584 "
"3925,398 ";"2270,425 "
"3928,188 ";"2274,917 "
"3930,978 ";"2275,715 "
"3933,767 ";"2276,258 "
"3936,557 ";"2277,141 "
"3939,347 ";"2279,180 "
"3942,137 ";"2281,554 "
"3944,927 ";"2282,029 "
"3947,717 ";"2283,651 "
"3950,507 ";"2277,980 "
"3953,297 ";"2278,878 "
"3956,087 ";"2279,700 "
"3958,877 ";"2280,217 "
"3961,667 ";"2280,357 "
"3964,456 ";"2280,042 "
"3967,246 ";"2279,247 "
"3970,036 ";"2278,027 "
"3972,826 ";"2276,482 "
"3975,616 ";"2274,705 "
"3978,406 ";"2272,789 "
"3981,196 ";"2270,839 "
"3983,986 ";"2268,527 "
"3986,776 ";"2263,044 "
"3989,566 ";"2254,654 "
"3992,355 ";"2247,360 "
"3995,145 ";"2244,371 "
"3997,935 ";"2243,112 "
"4000,725 ";"2244,038 "
"4003,515 ";"2246,294 "
"4006,305 ";"2251,121 "
"4009,095 ";"2260,744 "
"4011,885 ";"2268,180 "
"4014,675 ";"2269,186 "
"4017,465 ";"2270,467 "
"4020,255 ";"2270,446 "
"4023,044 ";"2268,875 "
"4025,834 ";"2266,108 "
"4028,624 ";"2264,070 "
"4031,414 ";"2260,888 "
"4034,204 ";"2259,805 "
"4036,994 ";"2260,582 "
"4039,784 ";"2259,361 "
"4042,574 ";"2258,487 "
"4045,364 ";"2254,390 "
"4048,154 ";"2255,982 "
"4050,944 ";"2255,788 "
"4053,733 ";"2256,918 "
"4056,523 ";"2257,335 "
"4059,313 ";"2261,084 "
"4062,103 ";"2260,023 "
"4064,893 ";"2260,123 "
"4067,683 ";"2259,459 "
"4070,473 ";"2257,948 "
"4073,263 ";"2258,237 "
"4076,053 ";"2254,996 "
"4078,843 ";"2256,146 "
"4081,632 ";"2253,339 "
"4084,422 ";"2251,026 "
"4087,212 ";"2253,290 "
"4090,002 ";"2250,870 "
"4092,792 ";"2249,325 "
"4095,582 ";"2250,741 "
"4098,372 ";"2251,049 "
"4101,162 ";"2250,367 "
"4103,952 ";"2249,936 "
"4106,742 ";"2248,660 "
"4109,532 ";"2252,610 "
"4112,321 ";"2252,189 "
"4115,111 ";"2252,818 "
"4117,901 ";"2253,129 "
"4120,691 ";"2252,402 "
"4123,481 ";"2250,132 "
"4126,271 ";"2248,992 "
"4129,061 ";"2249,591 "
"4131,851 ";"2250,086 "
"4134,641 ";"2249,430 "
"4137,431 ";"2248,408 "
"4140,221 ";"2246,820 "
"4143,010 ";"2247,724 "
"4145,800 ";"2245,378 "
"4148,590 ";"2247,459 "
"4151,380 ";"2243,728 "
"4154,170 ";"2237,693 "
"4156,960 ";"2230,652 "
"4159,750 ";"2223,930 "
"4162,540 ";"2216,790 "
"4165,330 ";"2210,640 "
"4168,120 ";"2210,978 "
"4170,909 ";"2213,931 "
"4173,699 ";"2214,113 "
"4176,489 ";"2214,235 "
"4179,279 ";"2215,055 "
"4182,069 ";"2214,650 "
"4184,859 ";"2214,500 "
"4187,649 ";"2211,842 "
"4190,439 ";"2214,804 "
"4193,229 ";"2215,413 "
"4196,019 ";"2214,392 "
"4198,809 ";"2213,872 "
"4201,598 ";"2211,507 "
"4204,388 ";"2216,596 "
"4207,178 ";"2220,195 "
"4209,968 ";"2221,115 "
"4212,758 ";"2216,698 "
"4215,548 ";"2211,583 "
"4218,338 ";"2212,099 "
"4221,128 ";"2210,420 "
"4223,918 ";"2212,812 "
"4226,708 ";"2214,543 "
"4229,497 ";"2215,733 "
"4232,287 ";"2216,216 "
"4235,077 ";"2216,390 "
"4237,867 ";"2215,877 "
"4240,657 ";"2215,360 "
"4243,447 ";"2214,236 "
"4246,237 ";"2214,121 "
"4249,027 ";"2213,641 "
"4251,817 ";"2211,961 "
"4254,607 ";"2213,882 "
"4257,397 ";"2214,976 "
"4260,186 ";"2215,962 "
"4262,976 ";"2217,063 "
"4265,766 ";"2215,970 "
"4268,556 ";"2213,812 "
"4271,346 ";"2213,585 "
"4274,136 ";"2215,642 "
"4276,926 ";"2218,806 "
"4279,716 ";"2222,936 "
"4282,506 ";"2227,961 "
"4285,296 ";"2233,798 "
"4288,086 ";"2240,316 "
"4290,875 ";"2238,734 "
"4293,665 ";"2238,633 "
"4296,455 ";"2239,489 "
"4299,245 ";"2240,972 "
"4302,035 ";"2239,539 "
"4304,825 ";"2238,352 "
"4307,615 ";"2238,521 "
"4310,405 ";"2238,130 "
"4313,195 ";"2237,648 "
"4315,985 ";"2237,313 "
"4318,774 ";"2236,730 "
"4321,564 ";"2237,549 "
"4324,354 ";"2234,480 "
"4327,144 ";"2235,773 "
"4329,934 ";"2236,711 "
"4332,724 ";"2239,647 "
"4335,514 ";"2243,036 "
"4338,304 ";"2239,217 "
"4341,094 ";"2232,655 "
"4343,884 ";"2226,640 "
"4346,674 ";"2217,403 "
"4349,463 ";"2213,849 "
"4352,253 ";"2212,018 "
"4355,043 ";"2213,713 "
"4357,833 ";"2224,145 "
"4360,623 ";"2246,955 "
"4363,413 ";"2249,643 "
"4366,203 ";"2251,475 "
"4368,993 ";"2250,441 "
"4371,783 ";"2245,780 "
"4374,573 ";"2240,678 "
"4377,363 ";"2232,056 "
"4380,152 ";"2225,734 "
"4382,942 ";"2221,072 "
"4385,732 ";"2216,520 "
"4388,522 ";"2210,899 "
"4391,312 ";"2203,437 "
"4394,102 ";"2192,947 "
"4396,892 ";"2189,838 "
"4399,682 ";"2185,355 "
"4402,472 ";"2183,027 "
"4405,262 ";"2182,955 "
"4408,051 ";"2186,607 "
"4410,841 ";"2191,892 "
"4413,631 ";"2196,015 "
"4416,421 ";"2199,780 "
"4419,211 ";"2203,201 "
"4422,001 ";"2205,998 "
"4424,791 ";"2207,745 "
"4427,581 ";"2207,960 "
"4430,371 ";"2206,296 "
"4433,161 ";"2203,764 "
"4435,951 ";"2203,955 "
"4438,740 ";"2203,666 "
"4441,530 ";"2201,827 "
"4444,320 ";"2203,654 "
"4447,110 ";"2216,173 "
"4449,900 ";"2221,399 "
"4452,690 ";"2221,386 "
"4455,480 ";"2218,769 "
"4458,270 ";"2211,241 "
"4461,060 ";"2204,646 "
"4463,850 ";"2202,355 "
"4466,640 ";"2201,218 "
"4469,429 ";"2201,188 "
"4472,219 ";"2198,862 "
"4475,009 ";"2198,143 "
"4477,799 ";"2198,334 "
"4480,589 ";"2199,681 "
"4483,379 ";"2201,753 "
"4486,169 ";"2204,519 "
"4488,959 ";"2206,741 "
"4491,749 ";"2208,318 "
"4494,539 ";"2209,527 "
"4497,328 ";"2209,186 "
"4500,118 ";"2204,657 "
"4502,908 ";"2202,595 "
"4505,698 ";"2201,716 "
"4508,488 ";"2202,444 "
"4511,278 ";"2203,974 "
"4514,068 ";"2205,785 "
"4516,858 ";"2210,561 "
"4519,648 ";"2217,262 "
"4522,438 ";"2226,016 "
"4525,228 ";"2237,184 "
"4528,017 ";"2251,650 "
"4530,807 ";"2263,384 "
"4533,597 ";"2268,013 "
"4536,387 ";"2269,189 "
"4539,177 ";"2263,663 "
"4541,967 ";"2251,858 "
"4544,757 ";"2237,746 "
"4547,547 ";"2220,660 "
"4550,337 ";"2219,301 "
"4553,127 ";"2214,852 "
"4555,916 ";"2214,818 "
"4558,706 ";"2213,919 "
"4561,496 ";"2215,552 "
"4564,286 ";"2214,100 "
"4567,076 ";"2212,139 "
"4569,866 ";"2211,828 "
"4572,656 ";"2212,907 "
"4575,446 ";"2211,462 "
"4578,236 ";"2210,388 "
"4581,026 ";"2209,616 "
"4583,816 ";"2209,574 "
"4586,605 ";"2210,775 "
"4589,395 ";"2212,680 "
"4592,185 ";"2214,666 "
"4594,975 ";"2215,669 "
"4597,765 ";"2216,615 "
"4600,555 ";"2216,602 "
"4603,345 ";"2218,706 "
"4606,135 ";"2218,174 "
"4608,925 ";"2218,713 "
"4611,715 ";"2215,022 "
"4614,505 ";"2215,946 "
"4617,294 ";"2215,533 "
"4620,084 ";"2219,769 "
"4622,874 ";"2217,023 "
"4625,664 ";"2216,335 "
"4628,454 ";"2215,838 "
"4631,244 ";"2214,324 "
"4634,034 ";"2215,105 "
"4636,824 ";"2214,355 "
"4639,614 ";"2215,036 "
"4642,404 ";"2215,676 "
"4645,193 ";"2216,613 "
"4647,983 ";"2216,779 "
"4650,773 ";"2217,967 "
"4653,563 ";"2224,486 "
"4656,353 ";"2229,733 "
"4659,143 ";"2231,071 "
"4661,933 ";"2230,208 "
"4664,723 ";"2229,599 "
"4667,513 ";"2229,883 "
"4670,303 ";"2236,515 "
"4673,093 ";"2240,693 "
"4675,882 ";"2237,871 "
"4678,672 ";"2235,860 "
"4681,462 ";"2232,568 "
"4684,252 ";"2230,140 "
"4687,042 ";"2228,320 "
"4689,832 ";"2226,902 "
"4692,622 ";"2225,749 "
"4695,412 ";"2224,780 "
"4698,202 ";"2223,957 "
"4700,992 ";"2223,277 "
"4703,782 ";"2222,770 "
"4706,571 ";"2222,531 "
"4709,361 ";"2223,304 "
"4712,151 ";"2221,759 "
"4714,941 ";"2220,119 "
"4717,731 ";"2218,395 "
"4720,521 ";"2216,735 "
"4723,311 ";"2216,885 "
"4726,101 ";"2216,606 "
"4728,891 ";"2216,744 "
"4731,681 ";"2215,582 "
"4734,470 ";"2218,701 "
"4737,260 ";"2219,667 "
"4740,050 ";"2220,044 "
"4742,840 ";"2215,356 "
"4745,630 ";"2213,663 "
"4748,420 ";"2213,276 "
"4751,210 ";"2228,255 "
"4754,000 ";"2226,222 "
"4756,790 ";"2226,293 "
"4759,580 ";"2224,652 "
"4762,370 ";"2226,706 "
"4765,159 ";"2224,221 "
"4767,949 ";"2226,899 "
"4770,739 ";"2228,727 "
"4773,529 ";"2230,206 "
"4776,319 ";"2224,157 "
"4779,109 ";"2219,909 "
"4781,899 ";"2216,940 "
"4784,689 ";"2219,505 "
"4787,479 ";"2220,760 "
"4790,269 ";"2220,420 "
"4793,059 ";"2219,117 "
"4795,848 ";"2218,118 "
"4798,638 ";"2220,801 "
"4801,428 ";"2224,546 "
"4804,218 ";"2228,102 "
"4807,008 ";"2230,393 "
"4809,798 ";"2231,149 "
"4812,588 ";"2230,686 "
"4815,378 ";"2229,469 "
"4818,168 ";"2227,802 "
"4820,958 ";"2225,953 "
"4823,747 ";"2224,207 "
"4826,537 ";"2222,840 "
"4829,327 ";"2220,323 "
"4832,117 ";"2218,771 "
"4834,907 ";"2215,024 "
"4837,697 ";"2211,713 "
"4840,487 ";"2211,419 "
"4843,277 ";"2210,960 "
"4846,067 ";"2210,956 "
"4848,857 ";"2211,115 "
"4851,647 ";"2213,553 "
"4854,436 ";"2220,694 "
"4857,226 ";"2224,882 "
"4860,016 ";"2226,867 "
"4862,806 ";"2213,095 "
"4865,596 ";"2210,299 "
"4868,386 ";"2207,205 "
"4871,176 ";"2209,697 "
"4873,966 ";"2210,033 "
"4876,756 ";"2208,417 "
"4879,546 ";"2208,085 "
"4882,336 ";"2211,580 "
"4885,125 ";"2210,062 "
"4887,915 ";"2214,654 "
"4890,705 ";"2217,570 "
"4893,495 ";"2219,348 "
"4896,285 ";"2220,968 "
"4899,075 ";"2219,032 "
"4901,865 ";"2216,544 "
"4904,655 ";"2218,841 "
"4907,445 ";"2216,893 "
"4910,235 ";"2215,588 "
"4913,024 ";"2213,485 "
"4915,814 ";"2212,069 "
"4918,604 ";"2210,549 "
"4921,394 ";"2213,277 "
"4924,184 ";"2217,256 "
"4926,974 ";"2222,666 "
"4929,764 ";"2220,238 "
"4932,554 ";"2218,112 "
"4935,344 ";"2213,505 "
"4938,134 ";"2208,986 "
"4940,924 ";"2209,340 "
"4943,713 ";"2208,616 "
"4946,503 ";"2208,682 "
"4949,293 ";"2208,437 "
"4952,083 ";"2206,620 "
"4954,873 ";"2203,221 "
"4957,663 ";"2202,681 "
"4960,453 ";"2209,898 "
"4963,243 ";"2211,585 "
"4966,033 ";"2211,368 "
"4968,823 ";"2214,146 "
"4971,612 ";"2207,891 "
"4974,402 ";"2210,839 "
"4977,192 ";"2216,135 "
"4979,982 ";"2223,637 "
"4982,772 ";"2233,089 "
"4985,562 ";"2242,181 "
"4988,352 ";"2243,187 "
"4991,142 ";"2244,390 "
"4993,932 ";"2243,544 "
"4996,722 ";"2238,162 "
"4999,512 ";"2235,158 "
"5002,301 ";"2234,367 "
"5005,091 ";"2230,273 "
"5007,881 ";"2227,496 "
"5010,671 ";"2226,373 "
"5013,461 ";"2226,616 "
"5016,251 ";"2225,870 "
"5019,041 ";"2226,993 "
"5021,831 ";"2229,802 "
"5024,621 ";"2231,524 "
"5027,411 ";"2231,992 "
"5030,201 ";"2230,016 "
"5032,990 ";"2228,628 "
"5035,780 ";"2227,060 "
"5038,570 ";"2226,081 "
"5041,360 ";"2224,863 "
"5044,150 ";"2224,525 "
"5046,940 ";"2225,019 "
"5049,730 ";"2222,022 "
"5052,520 ";"2218,050 "
"5055,310 ";"2216,830 "
"5058,100 ";"2223,398 "
"5060,889 ";"2229,842 "
"5063,679 ";"2236,418 "
"5066,469 ";"2249,099 "
"5069,259 ";"2253,722 "
"5072,049 ";"2255,211 "
"5074,839 ";"2255,745 "
"5077,629 ";"2256,894 "
"5080,419 ";"2258,222 "
"5083,209 ";"2257,299 "
"5085,999 ";"2256,361 "
"5088,789 ";"2256,015 "
"5091,578 ";"2252,525 "
"5094,368 ";"2245,869 "
"5097,158 ";"2240,683 "
"5099,948 ";"2238,053 "
"5102,738 ";"2235,485 "
"5105,528 ";"2247,667 "
"5108,318 ";"2244,607 "
"5111,108 ";"2245,178 "
"5113,898 ";"2248,977 "
"5116,688 ";"2255,612 "
"5119,478 ";"2260,085 "
"5122,267 ";"2262,853 "
"5125,057 ";"2265,729 "
"5127,847 ";"2264,642 "
"5130,637 ";"2266,056 "
"5133,427 ";"2267,654 "
"5136,217 ";"2269,833 "
"5139,007 ";"2272,023 "
"5141,797 ";"2275,514 "
"5144,587 ";"2276,710 "
"5147,377 ";"2276,845 "
"5150,166 ";"2277,204 "
"5152,956 ";"2277,903 "
"5155,746 ";"2279,407 "
"5158,536 ";"2284,070 "
"5161,326 ";"2284,776 "
"5164,116 ";"2281,782 "
"5166,906 ";"2283,999 "
"5169,696 ";"2282,188 "
"5172,486 ";"2283,605 "
"5175,276 ";"2286,595 "
"5178,066 ";"2288,340 "
"5180,855 ";"2289,056 "
"5183,645 ";"2289,513 "
"5186,435 ";"2292,367 "
"5189,225 ";"2291,123 "
"5192,015 ";"2293,703 "
"5194,805 ";"2291,155 "
"5197,595 ";"2290,604 "
"5200,385 ";"2290,442 "
"5203,175 ";"2287,842 "
"5205,965 ";"2285,478 "
"5208,755 ";"2284,385 "
"5211,544 ";"2283,906 "
"5214,334 ";"2284,253 "
"5217,124 ";"2285,582 "
"5219,914 ";"2286,439 "
"5222,704 ";"2291,192 "
"5225,494 ";"2287,673 "
"5228,284 ";"2290,467 "
"5231,074 ";"2290,624 "
"5233,864 ";"2290,925 "
"5236,654 ";"2288,924 "
"5239,443 ";"2290,052 "
"5242,233 ";"2290,194 "
"5245,023 ";"2290,288 "
"5247,813 ";"2290,727 "
"5250,603 ";"2288,832 "
"5253,393 ";"2284,022 "
"5256,183 ";"2285,029 "
"5258,973 ";"2283,806 "
"5261,763 ";"2285,029 "
"5264,553 ";"2287,278 "
"5267,343 ";"2289,403 "
"5270,132 ";"2294,331 "
"5272,922 ";"2299,806 "
"5275,712 ";"2297,138 "
"5278,502 ";"2300,210 "
"5281,292 ";"2295,710 "
"5284,082 ";"2289,640 "
"5286,872 ";"2284,960 "
"5289,662 ";"2281,830 "
"5292,452 ";"2280,496 "
"5295,242 ";"2281,947 "
"5298,031 ";"2279,157 "
"5300,821 ";"2279,325 "
"5303,611 ";"2276,309 "
"5306,401 ";"2272,168 "
"5309,191 ";"2267,747 "
"5311,981 ";"2272,984 "
"5314,771 ";"2274,277 "
"5317,561 ";"2278,253 "
"5320,351 ";"2282,042 "
"5323,141 ";"2284,922 "
"5325,931 ";"2287,646 "
"5328,720 ";"2287,726 "
"5331,510 ";"2285,359 "
"5334,300 ";"2286,261 "
"5337,090 ";"2285,274 "
"5339,880 ";"2284,635 "
"5342,670 ";"2261,457 "
"5345,460 ";"2245,294 "
"5348,250 ";"2230,711 "
"5351,040 ";"2220,393 "
"5353,830 ";"2213,463 "
"5356,620 ";"2213,501 "
"5359,409 ";"2212,315 "
"5362,199 ";"2210,416 "
"5364,989 ";"2213,384 "
"5367,779 ";"2213,591 "
"5370,569 ";"2213,319 "
"5373,359 ";"2213,567 "
"5376,149 ";"2216,193 "
"5378,939 ";"2219,066 "
"5381,729 ";"2219,806 "
"5384,519 ";"2221,003 "
"5387,308 ";"2220,745 "
"5390,098 ";"2219,810 "
"5392,888 ";"2226,500 "
"5395,678 ";"2226,544 "
"5398,468 ";"2223,341 "
"5401,258 ";"2216,915 "
"5404,048 ";"2211,107 "
"5406,838 ";"2205,530 "
"5409,628 ";"2203,924 "
"5412,418 ";"2207,057 "
"5415,208 ";"2213,557 "
"5417,997 ";"2220,489 "
"5420,787 ";"2224,802 "
"5423,577 ";"2226,583 "
"5426,367 ";"2226,167 "
"5429,157 ";"2224,031 "
"5431,947 ";"2220,769 "
"5434,737 ";"2224,523 "
"5437,527 ";"2222,172 "
"5440,317 ";"2213,042 "
"5443,107 ";"2206,689 "
"5445,897 ";"2200,242 "
"5448,686 ";"2192,164 "
"5451,476 ";"2184,862 "
"5454,266 ";"2177,762 "
"5457,056 ";"2174,099 "
"5459,846 ";"2173,843 "
"5462,636 ";"2167,188 "
"5465,426 ";"2159,145 "
"5468,216 ";"2152,555 "
"5471,006 ";"2156,926 "
"5473,796 ";"2161,449 "
"5476,585 ";"2165,866 "
"5479,375 ";"2170,068 "
"5482,165 ";"2176,750 "
"5484,955 ";"2183,827 "
"5487,745 ";"2188,391 "
"5490,535 ";"2191,380 "
"5493,325 ";"2200,889 "
"5496,115 ";"2202,823 "
"5498,905 ";"2202,493 "
"5501,695 ";"2200,360 "
"5504,485 ";"2201,621 "
"5507,274 ";"2202,845 "
"5510,064 ";"2202,528 "
"5512,854 ";"2201,647 "
"5515,644 ";"2200,431 "
"5518,434 ";"2201,749 "
"5521,224 ";"2202,963 "
"5524,014 ";"2204,640 "
"5526,804 ";"2208,397 "
"5529,594 ";"2210,026 "
"5532,384 ";"2211,044 "
"5535,174 ";"2207,916 "
"5537,963 ";"2204,986 "
"5540,753 ";"2196,124 "
"5543,543 ";"2189,663 "
"5546,333 ";"2185,469 "
"5549,123 ";"2182,232 "
"5551,913 ";"2180,146 "
"5554,703 ";"2181,014 "
"5557,493 ";"2182,767 "
"5560,283 ";"2183,301 "
"5563,073 ";"2181,966 "
"5565,862 ";"2182,888 "
"5568,652 ";"2184,419 "
"5571,442 ";"2184,492 "
"5574,232 ";"2186,859 "
"5577,022 ";"2184,584 "
"5579,812 ";"2179,648 "
"5582,602 ";"2182,136 "
"5585,392 ";"2180,857 "
"5588,182 ";"2179,855 "
"5590,972 ";"2167,574 "
"5593,762 ";"2160,635 "
"5596,551 ";"2155,197 "
"5599,341 ";"2152,673 "
"5602,131 ";"2149,186 "
"5604,921 ";"2144,969 "
"5607,711 ";"2139,957 "
"5610,501 ";"2134,950 "
"5613,291 ";"2130,365 "
"5616,081 ";"2126,177 "
"5618,871 ";"2122,977 "
"5621,661 ";"2123,374 "
"5624,450 ";"2116,128 "
"5627,240 ";"2113,713 "
"5630,030 ";"2105,231 "
"5632,820 ";"2094,511 "
"5635,610 ";"2082,756 "
"5638,400 ";"2071,498 "
"5641,190 ";"2066,329 "
"5643,980 ";"2048,000 "
"5646,770 ";"2035,732 "
"5649,560 ";"2024,538 "
"5652,350 ";"2013,877 "
"5655,139 ";"2008,918 "
"5657,929 ";"2010,661 "
"5660,719 ";"2011,038 "
"5663,509 ";"2010,276 "
"5666,299 ";"2008,775 "
"5669,089 ";"2010,119 "
"5671,879 ";"2014,739 "
"5674,669 ";"2019,834 "
"5677,459 ";"2022,426 "
"5680,249 ";"2023,812 "
"5683,039 ";"2023,592 "
"5685,828 ";"2022,890 "
"5688,618 ";"2023,077 "
"5691,408 ";"2022,144 "
"5694,198 ";"2020,703 "
"5696,988 ";"2020,758 "
"5699,778 ";"2022,378 "
"5702,568 ";"2020,965 "
"5705,358 ";"2022,294 "
"5708,148 ";"2020,865 "
"5710,938 ";"2022,050 "
"5713,727 ";"2020,669 "
"5716,517 ";"2020,421 "
"5719,307 ";"2018,821 "
"5722,097 ";"2019,317 "
"5724,887 ";"2017,602 "
"5727,677 ";"2017,015 "
"5730,467 ";"2017,457 "
"5733,257 ";"2016,657 "
"5736,047 ";"2017,080 "
"5738,837 ";"2017,713 "
"5741,627 ";"2018,982 "
"5744,416 ";"2021,132 "
"5747,206 ";"2019,620 "
"5749,996 ";"2015,366 "
"5752,786 ";"2015,271 "
"5755,576 ";"2011,653 "
"5758,366 ";"2008,980 "
"5761,156 ";"2008,284 "
"5763,946 ";"2015,984 "
"5766,736 ";"2027,395 "
"5769,526 ";"2042,558 "
"5772,316 ";"2059,821 "
"5775,105 ";"2065,693 "
"5777,895 ";"2067,667 "
"5780,685 ";"2069,701 "
"5783,475 ";"2066,261 "
"5786,265 ";"2066,786 "
"5789,055 ";"2067,260 "
"5791,845 ";"2066,786 "
"5794,635 ";"2068,352 "
"5797,425 ";"2068,135 "
"5800,215 ";"2067,970 "
"5803,004 ";"2066,722 "
"5805,794 ";"2064,875 "
"5808,584 ";"2064,624 "
"5811,374 ";"2064,734 "
"5814,164 ";"2063,037 "
"5816,954 ";"2063,282 "
"5819,744 ";"2064,751 "
"5822,534 ";"2065,855 "
"5825,324 ";"2063,502 "
"5828,114 ";"2063,427 "
"5830,904 ";"2065,206 "
"5833,693 ";"2062,757 "
"5836,483 ";"2065,194 "
"5839,273 ";"2057,651 "
"5842,063 ";"2055,609 "
"5844,853 ";"2052,036 "
"5847,643 ";"2048,183 "
"5850,433 ";"2042,958 "
"5853,223 ";"2040,571 "
"5856,013 ";"2038,969 "
"5858,803 ";"2037,568 "
"5861,593 ";"2033,874 "
"5864,382 ";"2033,557 "
"5867,172 ";"2030,275 "
"5869,962 ";"2036,892 "
"5872,752 ";"2034,181 "
"5875,542 ";"2029,710 "
"5878,332 ";"2016,379 "
"5881,122 ";"2004,087 "
"5883,912 ";"1992,753 "
"5886,702 ";"1982,332 "
"5889,492 ";"1972,289 "
"5892,281 ";"1960,663 "
"5895,071 ";"1942,505 "
"5897,861 ";"1918,696 "
"5900,651 ";"1902,452 "
"5903,441 ";"1888,754 "
"5906,231 ";"1875,793 "
"5909,021 ";"1865,297 "
"5911,811 ";"1859,419 "
"5914,601 ";"1855,504 "
"5917,391 ";"1852,862 "
"5920,181 ";"1854,295 "
"5922,970 ";"1857,254 "
"5925,760 ";"1855,412 "
"5928,550 ";"1860,886 "
"5931,340 ";"1863,093 "
"5934,130 ";"1864,015 "
"5936,920 ";"1863,256 "
"5939,710 ";"1865,859 "
"5942,500 ";"1867,279 "
"5945,290 ";"1857,404 "
"5948,080 ";"1852,983 "
"5950,869 ";"1855,606 "
"5953,659 ";"1855,773 "
"5956,449 ";"1853,616 "
"5959,239 ";"1854,529 "
"5962,029 ";"1852,960 "
"5964,819 ";"1849,142 "
"5967,609 ";"1846,008 "
"5970,399 ";"1849,911 "
"5973,189 ";"1852,416 "
"5975,979 ";"1848,906 "
"5978,769 ";"1851,182 "
"5981,558 ";"1856,461 "
"5984,348 ";"1856,686 "
"5987,138 ";"1861,319 "
"5989,928 ";"1846,527 "
"5992,718 ";"1849,725 "
"5995,508 ";"1850,578 "
"5998,298 ";"1851,605 "
"6001,088 ";"1855,101 "
"6003,878 ";"1853,445 "
"6006,668 ";"1851,213 "
"6009,458 ";"1848,545 "
"6012,247 ";"1845,271 "
"6015,037 ";"1841,815 "
"6017,827 ";"1841,122 "
"6020,617 ";"1840,825 "
"6023,407 ";"1842,521 "
"6026,197 ";"1839,009 "
"6028,987 ";"1837,406 "
"6031,777 ";"1833,753 "
"6034,567 ";"1831,186 "
"6037,357 ";"1831,069 "
"6040,146 ";"1828,654 "
"6042,936 ";"1828,947 "
"6045,726 ";"1833,826 "
"6048,516 ";"1840,354 "
"6051,306 ";"1846,403 "
"6054,096 ";"1850,349 "
"6056,886 ";"1853,409 "
"6059,676 ";"1854,578 "
"6062,466 ";"1846,081 "
"6065,256 ";"1836,241 "
"6068,046 ";"1825,430 "
"6070,835 ";"1829,559 "
"6073,625 ";"1833,056 "
"6076,415 ";"1836,829 "
"6079,205 ";"1843,511 "
"6081,995 ";"1848,841 "
"6084,785 ";"1847,429 "
"6087,575 ";"1840,761 "
"6090,365 ";"1829,892 "
"6093,155 ";"1829,401 "
"6095,945 ";"1827,416 "
"6098,735 ";"1826,793 "
"6101,524 ";"1826,854 "
"6104,314 ";"1831,752 "
"6107,104 ";"1841,103 "
"6109,894 ";"1842,665 "
"6112,684 ";"1843,410 "
"6115,474 ";"1844,091 "
"6118,264 ";"1845,321 "
"6121,054 ";"1846,421 "
"6123,844 ";"1847,265 "
"6126,634 ";"1845,728 "
"6129,423 ";"1842,709 "
"6132,213 ";"1839,825 "
"6135,003 ";"1835,757 "
"6137,793 ";"1836,872 "
"6140,583 ";"1837,032 "
"6143,373 ";"1836,813 "
"6146,163 ";"1834,571 "
"6148,953 ";"1834,261 "
"6151,743 ";"1833,493 "
"6154,533 ";"1832,057 "
"6157,323 ";"1831,375 "
"6160,112 ";"1830,440 "
"6162,902 ";"1827,054 "
"6165,692 ";"1826,343 "
"6168,482 ";"1818,339 "
"6171,272 ";"1821,969 "
"6174,062 ";"1825,561 "
"6176,852 ";"1824,488 "
"6179,642 ";"1823,218 "
"6182,432 ";"1818,355 "
"6185,222 ";"1816,356 "
"6188,012 ";"1817,173 "
"6190,801 ";"1814,088 "
"6193,591 ";"1806,872 "
"6196,381 ";"1796,058 "
"6199,171 ";"1783,199 "
"6201,961 ";"1768,642 "
"6204,751 ";"1752,938 "
"6207,541 ";"1736,425 "
"6210,331 ";"1720,041 "
"6213,121 ";"1704,280 "
"6215,911 ";"1694,171 "
"6218,700 ";"1683,082 "
"6221,490 ";"1670,206 "
"6224,280 ";"1665,348 "
"6227,070 ";"1666,700 "
"6229,860 ";"1666,790 "
"6232,650 ";"1663,451 "
"6235,440 ";"1657,282 "
"6238,230 ";"1650,006 "
"6241,020 ";"1642,365 "
"6243,810 ";"1634,087 "
"6246,600 ";"1628,462 "
"6249,389 ";"1631,145 "
"6252,179 ";"1632,887 "
"6254,969 ";"1635,540 "
"6257,759 ";"1645,337 "
"6260,549 ";"1645,983 "
"6263,339 ";"1651,110 "
"6266,129 ";"1646,084 "
"6268,919 ";"1645,530 "
"6271,709 ";"1642,398 "
"6274,499 ";"1640,674 "
"6277,289 ";"1638,826 "
"6280,078 ";"1637,811 "
"6282,868 ";"1635,405 "
"6285,658 ";"1633,064 "
"6288,448 ";"1630,783 "
"6291,238 ";"1629,753 "
"6294,028 ";"1630,602 "
"6296,818 ";"1632,034 "
"6299,608 ";"1633,757 "
"6302,398 ";"1633,709 "
"6305,188 ";"1633,024 "
"6307,977 ";"1633,351 "
"6310,767 ";"1629,463 "
"6313,557 ";"1629,035 "
"6316,347 ";"1629,049 "
"6319,137 ";"1630,750 "
"6321,927 ";"1635,084 "
"6324,717 ";"1638,847 "
"6327,507 ";"1640,781 "
"6330,297 ";"1642,105 "
"6333,087 ";"1642,048 "
"6335,877 ";"1643,034 "
"6338,666 ";"1645,263 "
"6341,456 ";"1645,698 "
"6344,246 ";"1647,412 "
"6347,036 ";"1641,174 "
"6349,826 ";"1650,374 "
"6352,616 ";"1650,092 "
"6355,406 ";"1648,395 "
"6358,196 ";"1648,071 "
"6360,986 ";"1640,600 "
"6363,776 ";"1634,086 "
"6366,565 ";"1629,653 "
"6369,355 ";"1628,189 "
"6372,145 ";"1634,035 "
"6374,935 ";"1623,904 "
"6377,725 ";"1626,909 "
"6380,515 ";"1631,080 "
"6383,305 ";"1634,554 "
"6386,095 ";"1636,407 "
"6388,885 ";"1637,935 "
"6391,675 ";"1643,036 "
"6394,465 ";"1636,830 "
"6397,254 ";"1635,171 "
"6400,044 ";"1637,997 "
"6402,834 ";"1640,232 "
"6405,624 ";"1640,518 "
"6408,414 ";"1641,923 "
"6411,204 ";"1642,710 "
"6413,994 ";"1643,849 "
"6416,784 ";"1644,127 "
"6419,574 ";"1640,881 "
"6422,364 ";"1641,490 "
"6425,154 ";"1639,949 "
"6427,943 ";"1641,345 "
"6430,733 ";"1642,530 "
"6433,523 ";"1642,359 "
"6436,313 ";"1643,306 "
"6439,103 ";"1640,187 "
"6441,893 ";"1639,879 "
"6444,683 ";"1640,003 "
"6447,473 ";"1639,469 "
"6450,263 ";"1635,914 "
"6453,053 ";"1632,608 "
"6455,842 ";"1634,134 "
"6458,632 ";"1635,132 "
"6461,422 ";"1635,109 "
"6464,212 ";"1633,185 "
"6467,002 ";"1630,273 "
"6469,792 ";"1629,879 "
"6472,582 ";"1629,432 "
"6475,372 ";"1624,050 "
"6478,162 ";"1618,841 "
"6480,952 ";"1613,949 "
"6483,742 ";"1609,427 "
"6486,531 ";"1604,172 "
"6489,321 ";"1604,882 "
"6492,111 ";"1604,349 "
"6494,901 ";"1600,453 "
"6497,691 ";"1604,264 "
"6500,481 ";"1604,924 "
"6503,271 ";"1603,161 "
"6506,061 ";"1603,886 "
"6508,851 ";"1600,503 "
"6511,641 ";"1600,032 "
"6514,431 ";"1597,711 "
"6517,220 ";"1592,710 "
"6520,010 ";"1588,971 "
"6522,800 ";"1586,821 "
"6525,590 ";"1573,834 "
"6528,380 ";"1556,198 "
"6531,170 ";"1533,261 "
"6533,960 ";"1505,888 "
"6536,750 ";"1478,691 "
"6539,540 ";"1456,556 "
"6542,330 ";"1444,191 "
"6545,119 ";"1436,539 "
"6547,909 ";"1431,445 "
"6550,699 ";"1426,479 "
"6553,489 ";"1420,562 "
"6556,279 ";"1416,439 "
"6559,069 ";"1410,238 "
"6561,859 ";"1403,393 "
"6564,649 ";"1400,746 "
"6567,439 ";"1401,098 "
"6570,229 ";"1408,034 "
"6573,019 ";"1413,741 "
"6575,808 ";"1419,695 "
"6578,598 ";"1421,017 "
"6581,388 ";"1421,041 "
"6584,178 ";"1420,212 "
"6586,968 ";"1419,829 "
"6589,758 ";"1422,888 "
"6592,548 ";"1422,536 "
"6595,338 ";"1422,525 "
"6598,128 ";"1425,341 "
"6600,918 ";"1422,421 "
"6603,708 ";"1423,305 "
"6606,497 ";"1424,912 "
"6609,287 ";"1426,188 "
"6612,077 ";"1426,599 "
"6614,867 ";"1429,406 "
"6617,657 ";"1429,218 "
"6620,447 ";"1429,795 "
"6623,237 ";"1432,746 "
"6626,027 ";"1436,509 "
"6628,817 ";"1437,874 "
"6631,607 ";"1437,534 "
"6634,396 ";"1439,748 "
"6637,186 ";"1437,246 "
"6639,976 ";"1435,342 "
"6642,766 ";"1434,075 "
"6645,556 ";"1433,727 "
"6648,346 ";"1434,278 "
"6651,136 ";"1436,157 "
"6653,926 ";"1438,934 "
"6656,716 ";"1439,329 "
"6659,506 ";"1439,619 "
"6662,296 ";"1443,159 "
"6665,085 ";"1443,087 "
"6667,875 ";"1442,694 "
"6670,665 ";"1441,341 "
"6673,455 ";"1438,618 "
"6676,245 ";"1436,216 "
"6679,035 ";"1434,316 "
"6681,825 ";"1433,785 "
"6684,615 ";"1430,964 "
"6687,405 ";"1430,214 "
"6690,195 ";"1431,855 "
"6692,984 ";"1429,699 "
"6695,774 ";"1428,679 "
"6698,564 ";"1429,880 "
"6701,354 ";"1426,398 "
"6704,144 ";"1419,489 "
"6706,934 ";"1414,996 "
"6709,724 ";"1417,528 "
"6712,514 ";"1415,394 "
"6715,304 ";"1416,054 "
"6718,094 ";"1417,694 "
"6720,884 ";"1417,368 "
"6723,673 ";"1417,864 "
"6726,463 ";"1419,443 "
"6729,253 ";"1420,672 "
"6732,043 ";"1422,155 "
"6734,833 ";"1422,930 "
"6737,623 ";"1423,105 "
"6740,413 ";"1423,288 "
"6743,203 ";"1419,332 "
"6745,993 ";"1414,868 "
"6748,783 ";"1409,669 "
"6751,573 ";"1402,920 "
"6754,362 ";"1395,361 "
"6757,152 ";"1388,246 "
"6759,942 ";"1383,924 "
"6762,732 ";"1378,361 "
"6765,522 ";"1369,489 "
"6768,312 ";"1358,829 "
"6771,102 ";"1347,748 "
"6773,892 ";"1337,030 "
"6776,682 ";"1326,618 "
"6779,472 ";"1315,267 "
"6782,261 ";"1300,608 "
"6785,051 ";"1279,969 "
"6787,841 ";"1265,698 "
"6790,631 ";"1254,645 "
"6793,421 ";"1244,649 "
"6796,211 ";"1237,857 "
"6799,001 ";"1234,894 "
"6801,791 ";"1234,895 "
"6804,581 ";"1234,738 "
"6807,371 ";"1234,943 "
"6810,161 ";"1234,372 "
"6812,950 ";"1231,360 "
"6815,740 ";"1229,758 "
"6818,530 ";"1230,236 "
"6821,320 ";"1229,560 "
"6824,110 ";"1230,377 "
"6826,900 ";"1233,386 "
"6829,690 ";"1235,613 "
"6832,480 ";"1237,474 "
"6835,270 ";"1237,324 "
"6838,060 ";"1241,017 "
"6840,850 ";"1242,770 "
"6843,639 ";"1240,644 "
"6846,429 ";"1238,269 "
"6849,219 ";"1235,891 "
"6852,009 ";"1235,049 "
"6854,799 ";"1235,758 "
"6857,589 ";"1235,805 "
"6860,379 ";"1231,386 "
"6863,169 ";"1234,017 "
"6865,959 ";"1229,964 "
"6868,749 ";"1230,701 "
"6871,538 ";"1231,504 "
"6874,328 ";"1235,312 "
"6877,118 ";"1237,276 "
"6879,908 ";"1237,252 "
"6882,698 ";"1233,696 "
"6885,488 ";"1236,302 "
"6888,278 ";"1234,802 "
"6891,068 ";"1235,114 "
"6893,858 ";"1234,514 "
"6896,648 ";"1235,913 "
"6899,438 ";"1236,139 "
"6902,227 ";"1240,142 "
"6905,017 ";"1239,825 "
"6907,807 ";"1238,784 "
"6910,597 ";"1239,426 "
"6913,387 ";"1239,234 "
"6916,177 ";"1238,069 "
"6918,967 ";"1236,746 "
"6921,757 ";"1236,811 "
"6924,547 ";"1234,181 "
"6927,337 ";"1233,855 "
"6930,127 ";"1230,701 "
"6932,916 ";"1227,305 "
"6935,706 ";"1227,242 "
"6938,496 ";"1227,895 "
"6941,286 ";"1229,808 "
"6944,076 ";"1229,220 "
"6946,866 ";"1228,732 "
"6949,656 ";"1229,208 "
"6952,446 ";"1228,954 "
"6955,236 ";"1229,705 "
"6958,026 ";"1231,162 "
"6960,815 ";"1233,237 "
"6963,605 ";"1234,703 "
"6966,395 ";"1233,990 "
"6969,185 ";"1235,714 "
"6971,975 ";"1233,163 "
"6974,765 ";"1228,788 "
"6977,555 ";"1227,585 "
"6980,345 ";"1227,162 "
"6983,135 ";"1223,972 "
"6985,925 ";"1219,876 "
"6988,715 ";"1226,106 "
"6991,504 ";"1224,640 "
"6994,294 ";"1219,499 "
"6997,084 ";"1209,732 "
"6999,874 ";"1200,444 "
"7002,664 ";"1202,944 "
"7005,454 ";"1202,555 "
"7008,244 ";"1202,555 "
"7011,034 ";"1199,239 "
"7013,824 ";"1194,034 "
"7016,614 ";"1198,097 "
"7019,403 ";"1198,771 "
"7022,193 ";"1197,571 "
"7024,983 ";"1197,667 "
"7027,773 ";"1195,415 "
"7030,563 ";"1195,228 "
"7033,353 ";"1193,627 "
"7036,143 ";"1198,592 "
"7038,933 ";"1196,684 "
"7041,723 ";"1196,922 "
"7044,513 ";"1193,634 "
"7047,303 ";"1193,614 "
"7050,092 ";"1191,333 "
"7052,882 ";"1190,185 "
"7055,672 ";"1184,722 "
"7058,462 ";"1183,750 "
"7061,252 ";"1184,048 "
"7064,042 ";"1181,639 "
"7066,832 ";"1178,441 "
"7069,622 ";"1173,217 "
"7072,412 ";"1153,399 "
"7075,202 ";"1126,517 "
"7077,992 ";"1097,009 "
"7080,781 ";"1075,380 "
"7083,571 ";"1060,640 "
"7086,361 ";"1049,265 "
"7089,151 ";"1039,172 "
"7091,941 ";"1030,684 "
"7094,731 ";"1026,805 "
"7097,521 ";"1026,649 "
"7100,311 ";"1026,692 "
"7103,101 ";"1026,803 "
"7105,891 ";"1025,082 "
"7108,680 ";"1025,969 "
"7111,470 ";"1023,506 "
"7114,260 ";"1023,925 "
"7117,050 ";"1023,525 "
"7119,840 ";"1022,988 "
"7122,630 ";"1020,756 "
"7125,420 ";"1021,283 "
"7128,210 ";"1021,244 "
"7131,000 ";"1025,997 "
"7133,790 ";"1019,623 "
"7136,580 ";"1021,468 "
"7139,369 ";"1020,566 "
"7142,159 ";"1023,772 "
"7144,949 ";"1025,017 "
"7147,739 ";"1021,378 "
"7150,529 ";"1022,078 "
"7153,319 ";"1025,259 "
"7156,109 ";"1029,824 "
"7158,899 ";"1033,555 "
"7161,689 ";"1035,738 "
"7164,479 ";"1033,604 "
"7167,269 ";"1026,672 "
"7170,058 ";"1023,083 "
"7172,848 ";"1021,140 "
"7175,638 ";"1023,428 "
"7178,428 ";"1022,910 "
"7181,218 ";"1022,196 "
"7184,008 ";"1021,891 "
"7186,798 ";"1020,775 "
"7189,588 ";"1021,465 "
"7192,378 ";"1022,129 "
"7195,168 ";"1023,534 "
"7197,957 ";"1025,652 "
"7200,747 ";"1026,167 "
"7203,537 ";"1026,515 "
"7206,327 ";"1025,788 "
"7209,117 ";"1022,507 "
"7211,907 ";"1022,513 "
"7214,697 ";"1023,895 "
"7217,487 ";"1022,599 "
"7220,277 ";"1024,097 "
"7223,067 ";"1023,410 "
"7225,857 ";"1021,132 "
"7228,646 ";"1020,325 "
"7231,436 ";"1021,356 "
"7234,226 ";"1021,949 "
"7237,016 ";"1021,187 "
"7239,806 ";"1018,619 "
"7242,596 ";"1017,306 "
"7245,386 ";"1017,209 "
"7248,176 ";"1017,952 "
"7250,966 ";"1018,936 "
"7253,756 ";"1020,343 "
"7256,546 ";"1023,277 "
"7259,335 ";"1024,225 "
"7262,125 ";"1025,269 "
"7264,915 ";"1026,016 "
"7267,705 ";"1025,975 "
"7270,495 ";"1022,155 "
"7273,285 ";"1018,495 "
"7276,075 ";"1016,593 "
"7278,865 ";"1012,373 "
"7281,655 ";"1007,369 "
"7284,445 ";"1007,443 "
"7287,234 ";"1009,905 "
"7290,024 ";"1006,008 "
"7292,814 ";"1003,582 "
"7295,604 ";"1000,068 "
"7298,394 ";"995,778 "
"7301,184 ";"991,208 "
"7303,974 ";"986,609 "
"7306,764 ";"982,036 "
"7309,554 ";"977,430 "
"7312,344 ";"972,652 "
"7315,134 ";"967,494 "
"7317,923 ";"961,548 "
"7320,713 ";"958,260 "
"7323,503 ";"961,575 "
"7326,293 ";"960,186 "
"7329,083 ";"948,329 "
"7331,873 ";"926,259 "
"7334,663 ";"903,711 "
"7337,453 ";"860,244 "
"7340,243 ";"837,478 "
"7343,033 ";"834,862 "
"7345,822 ";"832,591 "
"7348,612 ";"833,763 "
"7351,402 ";"831,808 "
"7354,192 ";"832,652 "
"7356,982 ";"831,352 "
"7359,772 ";"826,980 "
"7362,562 ";"826,069 "
"7365,352 ";"824,560 "
"7368,142 ";"822,796 "
"7370,932 ";"825,376 "
"7373,722 ";"825,061 "
"7376,511 ";"823,964 "
"7379,301 ";"823,360 "
"7382,091 ";"818,853 "
"7384,881 ";"818,855 "
"7387,671 ";"818,972 "
"7390,461 ";"819,352 "
"7393,251 ";"820,861 "
"7396,041 ";"823,328 "
"7398,831 ";"826,627 "
"7401,621 ";"834,967 "
"7404,411 ";"840,028 "
"7407,200 ";"835,304 "
"7409,990 ";"834,278 "
"7412,780 ";"835,489 "
"7415,570 ";"837,305 "
"7418,360 ";"836,009 "
"7421,150 ";"838,587 "
"7423,940 ";"835,567 "
"7426,730 ";"837,436 "
"7429,520 ";"836,654 "
"7432,310 ";"834,264 "
"7435,099 ";"834,278 "
"7437,889 ";"833,364 "
"7440,679 ";"832,549 "
"7443,469 ";"831,487 "
"7446,259 ";"824,863 "
"7449,049 ";"824,887 "
"7451,839 ";"826,794 "
"7454,629 ";"826,625 "
"7457,419 ";"827,188 "
"7460,209 ";"827,117 "
"7462,999 ";"826,080 "
"7465,788 ";"826,643 "
"7468,578 ";"825,779 "
"7471,368 ";"824,676 "
"7474,158 ";"823,926 "
"7476,948 ";"826,104 "
"7479,738 ";"828,385 "
"7482,528 ";"831,966 "
"7485,318 ";"829,692 "
"7488,108 ";"830,109 "
"7490,898 ";"832,550 "
"7493,688 ";"830,491 "
"7496,477 ";"832,761 "
"7499,267 ";"830,911 "
"7502,057 ";"826,097 "
"7504,847 ";"823,505 "
"7507,637 ";"822,467 "
"7510,427 ";"819,971 "
"7513,217 ";"819,596 "
"7516,007 ";"811,791 "
"7518,797 ";"806,308 "
"7521,587 ";"805,622 "
"7524,376 ";"806,621 "
"7527,166 ";"807,277 "
"7529,956 ";"816,935 "
"7532,746 ";"817,881 "
"7535,536 ";"820,360 "
"7538,326 ";"818,198 "
"7541,116 ";"816,295 "
"7543,906 ";"812,139 "
"7546,696 ";"808,944 "
"7549,486 ";"804,065 "
"7552,276 ";"797,150 "
"7555,065 ";"792,964 "
"7557,855 ";"787,018 "
"7560,645 ";"785,145 "
"7563,435 ";"774,192 "
"7566,225 ";"769,670 "
"7569,015 ";"768,176 "
"7571,805 ";"768,516 "
"7574,595 ";"767,328 "
"7577,385 ";"768,449 "
"7580,175 ";"773,059 "
"7582,965 ";"777,184 "
"7585,754 ";"779,615 "
"7588,544 ";"777,041 "
"7591,334 ";"775,480 "
"7594,124 ";"771,619 "
"7596,914 ";"770,013 "
"7599,704 ";"766,661 "
"7602,494 ";"764,488 "
"7605,284 ";"762,511 "
"7608,074 ";"763,952 "
"7610,864 ";"723,276 "
"7613,653 ";"651,641 "
"7616,443 ";"635,379 "
"7619,233 ";"639,896 "
"7622,023 ";"638,466 "
"7624,813 ";"635,895 "
"7627,603 ";"634,054 "
"7630,393 ";"634,047 "
"7633,183 ";"635,252 "
"7635,973 ";"626,607 "
"7638,763 ";"625,531 "
"7641,553 ";"620,834 "
"7644,342 ";"613,613 "
"7647,132 ";"615,075 "
"7649,922 ";"616,179 "
"7652,712 ";"617,271 "
"7655,502 ";"617,910 "
"7658,292 ";"620,992 "
"7661,082 ";"624,382 "
"7663,872 ";"625,357 "
"7666,662 ";"626,002 "
"7669,452 ";"626,839 "
"7672,242 ";"625,878 "
"7675,031 ";"620,666 "
"7677,821 ";"619,349 "
"7680,611 ";"619,957 "
"7683,401 ";"619,000 "
"7686,191 ";"614,880 "
"7688,981 ";"610,787 "
"7691,771 ";"607,500 "
"7694,561 ";"606,849 "
"7697,351 ";"607,738 "
"7700,141 ";"607,342 "
"7702,930 ";"609,997 "
"7705,720 ";"611,029 "
"7708,510 ";"610,041 "
"7711,300 ";"606,817 "
"7714,090 ";"605,642 "
"7716,880 ";"603,558 "
"7719,670 ";"602,856 "
"7722,460 ";"604,360 "
"7725,250 ";"606,293 "
"7728,040 ";"605,311 "
"7730,830 ";"606,784 "
"7733,619 ";"608,493 "
"7736,409 ";"610,234 "
"7739,199 ";"610,092 "
"7741,989 ";"602,663 "
"7744,779 ";"602,470 "
"7747,569 ";"602,627 "
"7750,359 ";"604,015 "
"7753,149 ";"604,156 "
"7755,939 ";"605,947 "
"7758,729 ";"604,185 "
"7761,518 ";"602,182 "
"7764,308 ";"602,374 "
"7767,098 ";"602,112 "
"7769,888 ";"602,101 "
"7772,678 ";"603,485 "
"7775,468 ";"605,074 "
"7778,258 ";"606,938 "
"7781,048 ";"604,170 "
"7783,838 ";"605,174 "
"7786,628 ";"606,387 "
"7789,418 ";"606,012 "
"7792,207 ";"604,488 "
"7794,997 ";"601,925 "
"7797,787 ";"599,563 "
"7800,577 ";"600,360 "
"7803,367 ";"598,291 "
"7806,157 ";"594,813 "
"7808,947 ";"590,461 "
"7811,737 ";"584,468 "
"7814,527 ";"576,579 "
"7817,317 ";"567,463 "
"7820,107 ";"557,236 "
"7822,896 ";"545,983 "
"7825,686 ";"533,747 "
"7828,476 ";"520,490 "
"7831,266 ";"506,115 "
"7834,056 ";"490,524 "
"7836,846 ";"473,665 "
"7839,636 ";"455,617 "
"7842,426 ";"436,756 "
"7845,216 ";"417,920 "
"7848,006 ";"400,286 "
"7850,795 ";"384,669 "
"7853,585 ";"370,318 "
"7856,375 ";"365,353 "
"7859,165 ";"362,756 "
"7861,955 ";"360,039 "
"7864,745 ";"361,319 "
"7867,535 ";"360,651 "
"7870,325 ";"361,043 "
"7873,115 ";"361,254 "
"7875,905 ";"363,610 "
"7878,695 ";"364,372 "
"7881,484 ";"364,416 "
"7884,274 ";"364,812 "
"7887,064 ";"362,947 "
"7889,854 ";"361,767 "
"7892,644 ";"364,300 "
"7895,434 ";"364,815 "
"7898,224 ";"363,133 "
"7901,014 ";"364,748 "
"7903,804 ";"362,832 "
"7906,594 ";"362,602 "
"7909,384 ";"362,299 "
"7912,173 ";"361,451 "
"7914,963 ";"360,032 "
"7917,753 ";"358,725 "
"7920,543 ";"358,028 "
"7923,333 ";"358,961 "
"7926,123 ";"357,842 "
"7928,913 ";"359,214 "
"7931,703 ";"357,662 "
"7934,493 ";"351,551 "
"7937,283 ";"344,314 "
"7940,072 ";"336,226 "
"7942,862 ";"332,642 "
"7945,652 ";"335,688 "
"7948,442 ";"335,449 "
"7951,232 ";"336,069 "
"7954,022 ";"336,532 "
"7956,812 ";"340,816 "
"7959,602 ";"347,731 "
"7962,392 ";"351,748 "
"7965,182 ";"361,797 "
"7967,972 ";"366,433 "
"7970,761 ";"370,253 "
"7973,551 ";"375,361 "
"7976,341 ";"372,460 "
"7979,131 ";"371,688 "
"7981,921 ";"368,615 "
"7984,711 ";"363,603 "
"7987,501 ";"358,781 "
"7990,291 ";"352,150 "
"7993,081 ";"343,979 "
"7995,871 ";"335,342 "
"7998,661 ";"327,743 "
"8001,450 ";"322,176 "
"8004,240 ";"321,413 "
"8007,030 ";"320,003 "
"8009,820 ";"316,674 "
"8012,610 ";"308,550 "
"8015,400 ";"309,354 "
"8018,190 ";"310,396 "
"8020,980 ";"310,567 "
"8023,770 ";"310,857 "
"8026,560 ";"310,734 "
"8029,349 ";"307,222 "
"8032,139 ";"304,058 "
"8034,929 ";"302,880 "
"8037,719 ";"298,183 "
"8040,509 ";"292,067 "
"8043,299 ";"288,538 "
"8046,089 ";"285,839 "
"8048,879 ";"280,811 "
"8051,669 ";"274,845 "
"8054,459 ";"268,890 "
"8057,249 ";"263,767 "
"8060,038 ";"259,972 "
"8062,828 ";"257,854 "
"8065,618 ";"362,588 "
"8068,408 ";"550,572 "
"8071,198 ";"768,682 "
"8073,988 ";"797,472 "
"8076,778 ";"812,873 "
"8079,568 ";"828,818 "
"8082,358 ";"850,964 "
"8085,148 ";"886,106 "
"8087,937 ";"930,968 "
"8090,727 ";"970,562 "
"8093,517 ";"1001,959 "
"8096,307 ";"1024,246 "
"8099,097 ";"1030,266 "
"8101,887 ";"1013,639 "
"8104,677 ";"977,737 "
"8107,467 ";"928,200 "
"8110,257 ";"819,804 "
"8113,047 ";"663,926 "
"8115,837 ";"498,925 "
"8118,626 ";"302,745 "
"8121,416 ";"48,596 "
"8124,206 ";"48,619 "
"8126,996 ";"48,637 "
"8129,786 ";"48,616 "
"8132,576 ";"48,523 "
"8135,366 ";"48,342 "
"8138,156 ";"48,123 "
"8140,946 ";"48,086 "
"8143,736 ";"48,436 "
"8146,526 ";"49,262 "
"8149,315 ";"50,397 "
"8152,105 ";"51,822 "
"8154,895 ";"53,551 "
"8157,685 ";"55,619 "
"8160,475 ";"58,170 "
"8163,265 ";"61,302 "
"8166,055 ";"63,165 "
"8168,845 ";"63,134 "
"8171,635 ";"61,107 "
"8174,425 ";"59,650 "
"8177,214 ";"58,805 "
"8180,004 ";"60,109 "
"8182,794 ";"64,654 "
"8185,584 ";"70,988 "
"8188,374 ";"78,956 "
"8191,164 ";"87,604 "
"8193,954 ";"97,915 "
"8196,744 ";"96,738 "
"8199,534 ";"94,238 "
"8202,324 ";"97,990 "
"8205,114 ";"99,122 "
"8207,903 ";"102,109 "
"8210,693 ";"104,182 "
"8213,483 ";"105,843 "
"8216,273 ";"107,237 "
"8219,063 ";"108,347 "
"8221,853 ";"109,039 "
"8224,643 ";"108,984 "
"8227,433 ";"110,138 "
"8230,223 ";"112,509 "
"8233,013 ";"115,982 "
"8235,803 ";"118,445 "
"8238,592 ";"119,780 "
"8241,382 ";"120,205 "
"8244,172 ";"120,457 "
"8246,962 ";"122,716 "
"8249,752 ";"126,298 "
"8252,542 ";"129,360 "
"8255,332 ";"130,390 "
"8258,122 ";"130,893 "
"8260,912 ";"131,019 "
"8263,702 ";"132,667 "
"8266,491 ";"129,145 "
"8269,281 ";"125,665 "
"8272,071 ";"122,665 "
"8274,861 ";"121,721 "
"8277,651 ";"122,727 "
"8280,441 ";"125,485 "
"8283,231 ";"130,296 "
"8286,021 ";"134,410 "
"8288,811 ";"134,097 "
"8291,601 ";"133,691 "
"8294,391 ";"135,230 "
"8297,180 ";"133,336 "
"8299,970 ";"133,008 "
"8302,760 ";"133,887 "
"8305,550 ";"132,321 "
"8308,340 ";"134,156 "
"8311,130 ";"133,197 "
"8313,920 ";"133,198 "
"8316,710 ";"134,045 "
"8319,500 ";"133,082 "
"8322,290 ";"130,464 "
"8325,080 ";"131,002 "
"8327,869 ";"132,750 "
"8330,659 ";"131,230 "
"8333,449 ";"132,161 "
"8336,239 ";"130,106 "
"8339,029 ";"129,823 "
"8341,819 ";"131,222 "
"8344,609 ";"134,262 "
"8347,399 ";"138,231 "
"8350,189 ";"140,294 "
"8352,979 ";"140,261 "
"8355,768 ";"140,629 "
"8358,558 ";"139,963 "
"8361,348 ";"134,608 "
"8364,138 ";"131,156 "
"8366,928 ";"126,977 "
"8369,718 ";"126,746 "
"8372,508 ";"125,905 "
"8375,298 ";"124,715 "
"8378,088 ";"124,885 "
"8380,878 ";"125,255 "
"8383,668 ";"125,113 "
"8386,457 ";"124,411 "
"8389,247 ";"124,379 "
"8392,037 ";"124,622 "
"8394,827 ";"125,087 "
"8397,617 ";"126,052 "
"8400,407 ";"127,083 "
"8403,197 ";"126,074 "
"8405,987 ";"127,865 "
"8408,777 ";"130,327 "
"8411,567 ";"130,469 "
"8414,356 ";"133,032 "
"8417,146 ";"129,814 "
"8419,936 ";"130,937 "
"8422,726 ";"129,678 "
"8425,516 ";"129,906 "
"8428,306 ";"126,985 "
"8431,096 ";"124,719 "
"8433,886 ";"126,280 "
"8436,676 ";"126,520 "
"8439,466 ";"126,137 "
"8442,256 ";"123,982 "
"8445,045 ";"123,543 "
"8447,835 ";"123,469 "
"8450,625 ";"125,092 "
"8453,415 ";"125,968 "
"8456,205 ";"127,060 "
"8458,995 ";"129,815 "
"8461,785 ";"130,367 "
"8464,575 ";"126,104 "
"8467,365 ";"121,848 "
"8470,155 ";"118,836 "
"8472,945 ";"119,570 "
"8475,734 ";"119,695 "
"8478,524 ";"121,841 "
"8481,314 ";"124,683 "
"8484,104 ";"125,265 "
"8486,894 ";"124,325 "
"8489,684 ";"122,334 "
"8492,474 ";"122,301 "
"8495,264 ";"120,406 "
"8498,054 ";"121,180 "
"8500,844 ";"121,400 "
"8503,633 ";"120,785 "
"8506,423 ";"121,085 "
"8509,213 ";"121,785 "
"8512,003 ";"119,990 "
"8514,793 ";"121,919 "
"8517,583 ";"120,930 "
"8520,373 ";"122,263 "
"8523,163 ";"122,516 "
"8525,953 ";"123,176 "
"8528,743 ";"121,675 "
"8531,533 ";"120,607 "
"8534,322 ";"121,024 "
"8537,112 ";"117,008 "
"8539,902 ";"114,614 "
"8542,692 ";"105,167 "
"8545,482 ";"103,442 "
"8548,272 ";"105,136 "
"8551,062 ";"107,860 "
"8553,852 ";"110,588 "
"8556,642 ";"113,722 "
"8559,432 ";"117,328 "
"8562,222 ";"119,488 "
"8565,011 ";"121,168 "
"8567,801 ";"120,078 "
"8570,591 ";"121,325 "
"8573,381 ";"122,403 "
"8576,171 ";"122,539 "
"8578,961 ";"121,697 "
"8581,751 ";"120,337 "
"8584,541 ";"119,680 "
"8587,331 ";"121,146 "
"8590,121 ";"122,094 "
"8592,910 ";"121,998 "
"8595,700 ";"121,625 "
"8598,490 ";"120,230 "
"8601,280 ";"121,449 "
"8604,070 ";"122,720 "
"8606,860 ";"122,818 "
"8609,650 ";"122,613 "
"8612,440 ";"122,936 "
"8615,230 ";"123,575 "
"8618,020 ";"123,969 "
"8620,810 ";"124,629 "
"8623,599 ";"123,013 "
"8626,389 ";"122,043 "
"8629,179 ";"120,749 "
"8631,969 ";"120,809 "
"8634,759 ";"120,642 "
"8637,549 ";"120,005 "
"8640,339 ";"118,546 "
"8643,129 ";"116,032 "
"8645,919 ";"112,787 "
"8648,709 ";"109,098 "
"8651,499 ";"105,066 "
"8654,288 ";"100,749 "
"8657,078 ";"96,204 "
"8659,868 ";"91,507 "
"8662,658 ";"86,943 "
"8665,448 ";"85,044 "
"8668,238 ";"85,082 "
"8671,028 ";"83,799 "
"8673,818 ";"84,013 "
"8676,608 ";"79,678 "
"8679,398 ";"76,240 "
"8682,187 ";"75,519 "
"8684,977 ";"74,814 "
"8687,767 ";"73,442 "
"8690,557 ";"71,514 "
"8693,347 ";"69,075 "
"8696,137 ";"66,136 "
"8698,927 ";"62,685 "
"8701,717 ";"58,694 "
"8704,507 ";"54,157 "
"8707,297 ";"49,375 "
"8710,087 ";"45,942 "
"8712,876 ";"44,010 "
"8715,666 ";"42,042 "
"8718,456 ";"38,963 "
"8721,246 ";"36,735 "
"8724,036 ";"34,180 "
"8726,826 ";"32,140 "
"8729,616 ";"28,756 "
"8732,406 ";"24,494 "
"8735,196 ";"20,462 "
"8737,986 ";"18,698 "
"8740,775 ";"21,897 "
"8743,565 ";"30,717 "
"8746,355 ";"43,165 "
"8749,145 ";"56,849 "
"8751,935 ";"69,662 "
"8754,725 ";"79,409 "
"8757,515 ";"80,742 "
"8760,305 ";"82,890 "
"8763,095 ";"73,481 "
"8765,885 ";"76,158 "
"8768,675 ";"80,680 "
"8771,464 ";"90,952 "
"8774,254 ";"105,176 "
"8777,044 ";"121,321 "
"8779,834 ";"113,073 "
"8782,624 ";"109,954 "
"8785,414 ";"108,922 "
"8788,204 ";"108,037 "
"8790,994 ";"106,593 "
"8793,784 ";"105,790 "
"8796,574 ";"106,292 "
"8799,364 ";"102,890 "
"8802,153 ";"83,536 "
"8804,943 ";"74,955 "
"8807,733 ";"73,756 "
"8810,523 ";"75,683 "
"8813,313 ";"78,616 "
"8816,103 ";"81,583 "
"8818,893 ";"84,043 "
"8821,683 ";"85,782 "
"8824,473 ";"86,348 "
"8827,263 ";"89,168 "
"8830,052 ";"87,952 "
"8832,842 ";"87,905 "
"8835,632 ";"89,048 "
"8838,422 ";"91,594 "
"8841,212 ";"95,489 "
"8844,002 ";"100,169 "
"8846,792 ";"108,976 "
"8849,582 ";"110,359 "
"8852,372 ";"107,205 "
"8855,162 ";"103,597 "
"8857,952 ";"99,130 "
"8860,741 ";"91,309 "
"8863,531 ";"93,734 "
"8866,321 ";"97,450 "
"8869,111 ";"98,574 "
"8871,901 ";"95,153 "
"8874,691 ";"96,626 "
"8877,481 ";"106,288 "
"8880,271 ";"110,091 "
"8883,061 ";"109,266 "
"8885,851 ";"103,778 "
"8888,641 ";"108,770 "
"8891,430 ";"110,717 "
"8894,220 ";"115,678 "
"8897,010 ";"121,038 "
"8899,800 ";"126,752 "
"8902,590 ";"127,487 "
"8905,380 ";"128,649 "
"8908,170 ";"127,598 "
"8910,960 ";"128,194 "
"8913,750 ";"126,957 "
"8916,540 ";"124,052 "
"8919,329 ";"125,075 "
"8922,119 ";"126,558 "
"8924,909 ";"127,170 "
"8927,699 ";"126,054 "
"8930,489 ";"125,336 "
"8933,279 ";"121,081 "
"8936,069 ";"117,274 "
"8938,859 ";"115,646 "
